actual_rpm,current_lead_time_sec,diagnostics,elapsed_sec,events,health,reactive_rpm,risk_score,target_rpm,telemetry,thermal_mode,timestamp
2211.2091167271137,0.0,"{'active_mode': 'BALANCED', 'semantic_status': 'RISK VELOCITY INCREASING', 'telemetry_hz': 4, 'adaptive_ema_alpha': 0.4, 'smoothed_risk': 0.194, 'risk_velocity': 0.3149, 'thermal_acceleration': 0.2047, 'cooling_effectiveness_score': 1.0, 'saturation_eta_seconds': 2.6, 'prediction_stability': 1.0, 'thermal_soak_accumulation': 0.0, 'gpu_power_transient_score': 0.0, 'forecast_30s': 1.0, 'forecast_60s': 1.0, 'forecast_120s': 1.0, 'workload_fingerprint': 'CPU_COMPILE', 'thermal_phase': 'SUSTAINED_LOAD', 'thermal_headroom': 38.0, 'predictive_cooling_window': 'NONE', 'escalation_reason': 'RISK VELOCITY INCREASING', 'idle_clamp_active': False, 'transition_intelligence_score': 100.0, 'acoustic_optimization_active': False, 'hardware_controller': {'desired_mode': 'BALANCED', 'actual_hardware_mode': 'BALANCED', 'last_transition_reason': 'INIT', 'transition_lock_timer': 0.0, 'transition_cooldown_timer': 0.0, 'adaptive_hold_duration': 30.0, 'hardware_sync_status': 'SYNCED', 'rejected_transitions': 0, 'llt_response_status': 'OK'}}",3.550140142440796,"[{'time': '00:20:36', 'source': 'SYS', 'category': 'HEALTHY', 'message': 'THERVO Core Ready'}, {'time': '00:20:51', 'source': 'SENS', 'category': 'HEALTHY', 'message': 'WMI Telemetry Synced'}, {'time': '00:21:01', 'source': 'CORE_AI', 'category': 'ACTION', 'message': 'Initialized Quiet Mode'}]","{'status': 'FAILSAFE', 'inference_lag_sec': 3.1915881633758545, 'telemetry_lag_sec': 3.1915881633758545, 'memory_growth_bytes': 242380800, 'issues': ['Inference stall detected (3.19s lag)', 'Telemetry stall detected (3.19s lag)', 'Memory growth detected']}",1850.0,0.4844836466908455,2211.2091167271137,"{'cpu_util': 100.0, 'gpu_util': 29.0, 'mem_util': 77.2, 'cpu_temp': 43.2, 'gpu_temp': 57.0, 'disk_io': 456378.83008308447, 'network_io': 857.9387186620485, 'power_draw': 98.96, 'battery': 98.0}",BALANCED,1785696666.9314065
2234.472027271986,0.0,"{'active_mode': 'BALANCED', 'semantic_status': 'RISK VELOCITY INCREASING', 'telemetry_hz': 4, 'adaptive_ema_alpha': 0.4, 'smoothed_risk': 0.314, 'risk_velocity': 1.7586, 'thermal_acceleration': 272.8445, 'cooling_effectiveness_score': 1.0, 'saturation_eta_seconds': 0.4, 'prediction_stability': 1.0, 'thermal_soak_accumulation': 0.0, 'gpu_power_transient_score': 0.0, 'forecast_30s': 1.0, 'forecast_60s': 1.0, 'forecast_120s': 1.0, 'workload_fingerprint': 'CPU_COMPILE', 'thermal_phase': 'SUSTAINED_LOAD', 'thermal_headroom': 38.0, 'predictive_cooling_window': 'NONE', 'escalation_reason': 'RISK VELOCITY INCREASING', 'idle_clamp_active': False, 'transition_intelligence_score': 100.0, 'acoustic_optimization_active': False, 'hardware_controller': {'desired_mode': 'BALANCED', 'actual_hardware_mode': 'BALANCED', 'last_transition_reason': 'HEALTH_FAILSAFE', 'transition_lock_timer': 0.0, 'transition_cooldown_timer': 5.0, 'adaptive_hold_duration': 20.0, 'hardware_sync_status': 'SYNCED', 'rejected_transitions': 0, 'llt_response_status': 'OK'}}",3.5549182891845703,"[{'time': '00:20:36', 'source': 'SYS', 'category': 'HEALTHY', 'message': 'THERVO Core Ready'}, {'time': '00:20:51', 'source': 'SENS', 'category': 'HEALTHY', 'message': 'WMI Telemetry Synced'}, {'time': '00:21:01', 'source': 'CORE_AI', 'category': 'ACTION', 'message': 'Initialized Quiet Mode'}]","{'status': 'FAILSAFE', 'inference_lag_sec': 0.0005130767822265625, 'telemetry_lag_sec': 0.0005130767822265625, 'memory_growth_bytes': 244645888, 'issues': ['Memory growth detected']}",1850.0,0.4937888109087944,2234.472027271986,"{'cpu_util': 100.0, 'gpu_util': 29.0, 'mem_util': 77.2, 'cpu_temp': 46.1, 'gpu_temp': 57.0, 'disk_io': 0.0, 'network_io': 0.0, 'power_draw': 98.96, 'battery': 98.0}",BALANCED,1785696666.9361846
2231.811443567276,0.0,"{'active_mode': 'BALANCED', 'semantic_status': 'MODE: BALANCED', 'telemetry_hz': 4, 'adaptive_ema_alpha': 0.34, 'smoothed_risk': 0.375, 'risk_velocity': -0.0103, 'thermal_acceleration': -17.0947, 'cooling_effectiveness_score': 1.0, 'saturation_eta_seconds': -1.0, 'prediction_stability': 0.85, 'thermal_soak_accumulation': 0.0, 'gpu_power_transient_score': 0.0, 'forecast_30s': 0.066, 'forecast_60s': 0.0, 'forecast_120s': 0.0, 'workload_fingerprint': 'CPU_COMPILE', 'thermal_phase': 'SUSTAINED_LOAD', 'thermal_headroom': 38.0, 'predictive_cooling_window': 'NONE', 'escalation_reason': 'MODE: BALANCED', 'idle_clamp_active': False, 'transition_intelligence_score': 85.0, 'acoustic_optimization_active': False, 'hardware_controller': {'desired_mode': 'PERFORMANCE', 'actual_hardware_mode': 'BALANCED', 'last_transition_reason': 'HEALTH_FAILSAFE', 'transition_lock_timer': 0.0, 'transition_cooldown_timer': 4.9, 'adaptive_hold_duration': 20.0, 'hardware_sync_status': 'PENDING', 'rejected_transitions': 0, 'llt_response_status': 'OK'}}",3.6583943367004395,"[{'time': '00:20:36', 'source': 'SYS', 'category': 'HEALTHY', 'message': 'THERVO Core Ready'}, {'time': '00:20:51', 'source': 'SENS', 'category': 'HEALTHY', 'message': 'WMI Telemetry Synced'}, {'time': '00:21:01', 'source': 'CORE_AI', 'category': 'ACTION', 'message': 'Initialized Quiet Mode'}]","{'status': 'FAILSAFE', 'inference_lag_sec': 0.09603381156921387, 'telemetry_lag_sec': 0.09603381156921387, 'memory_growth_bytes': 244654080, 'issues': ['Memory growth detected']}",1850.0,0.4927245774269104,2231.811443567276,"{'cpu_util': 100.0, 'gpu_util': 29.0, 'mem_util': 77.1, 'cpu_temp': 48.9, 'gpu_temp': 57.0, 'disk_io': 1377745.454560947, 'network_io': 0.0, 'power_draw': 98.96, 'battery': 98.0}",BALANCED,1785696667.0396607
2223.96441757679,0.0,"{'active_mode': 'BALANCED', 'semantic_status': 'MODE: BALANCED', 'telemetry_hz': 4, 'adaptive_ema_alpha': 0.34, 'smoothed_risk': 0.414, 'risk_velocity': -0.0315, 'thermal_acceleration': -0.2123, 'cooling_effectiveness_score': 1.0, 'saturation_eta_seconds': -1.0, 'prediction_stability': 0.85, 'thermal_soak_accumulation': 0.0, 'gpu_power_transient_score': 0.0, 'forecast_30s': 0.0, 'forecast_60s': 0.0, 'forecast_120s': 0.0, 'workload_fingerprint': 'CPU_COMPILE', 'thermal_phase': 'SUSTAINED_LOAD', 'thermal_headroom': 38.0, 'predictive_cooling_window': 'NONE', 'escalation_reason': 'MODE: BALANCED', 'idle_clamp_active': False, 'transition_intelligence_score': 85.0, 'acoustic_optimization_active': False, 'hardware_controller': {'desired_mode': 'PERFORMANCE', 'actual_hardware_mode': 'BALANCED', 'last_transition_reason': 'HEALTH_FAILSAFE', 'transition_lock_timer': 0.0, 'transition_cooldown_timer': 4.8, 'adaptive_hold_duration': 20.0, 'hardware_sync_status': 'PENDING', 'rejected_transitions': 0, 'llt_response_status': 'OK'}}",3.7581610679626465,"[{'time': '00:20:36', 'source': 'SYS', 'category': 'HEALTHY', 'message': 'THERVO Core Ready'}, {'time': '00:20:51', 'source': 'SENS', 'category': 'HEALTHY', 'message': 'WMI Telemetry Synced'}, {'time': '00:21:01', 'source': 'CORE_AI', 'category': 'ACTION', 'message': 'Initialized Quiet Mode'}]","{'status': 'FAILSAFE', 'inference_lag_sec': 0.09321451187133789, 'telemetry_lag_sec': 0.09321451187133789, 'memory_growth_bytes': 244662272, 'issues': ['Memory growth detected']}",1850.0,0.48958576703071593,2223.96441757679,"{'cpu_util': 100.0, 'gpu_util': 29.0, 'mem_util': 77.2, 'cpu_temp': 51.3, 'gpu_temp': 57.0, 'disk_io': 0.0, 'network_io': 1892.4731182641717, 'power_draw': 98.96, 'battery': 98.0}",BALANCED,1785696667.1394274
2234.472027271986,0.0,"{'active_mode': 'BALANCED', 'semantic_status': 'THERMAL SATURATION APPROACHING', 'telemetry_hz': 4, 'adaptive_ema_alpha': 0.28, 'smoothed_risk': 0.436, 'risk_velocity': 0.0416, 'thermal_acceleration': 0.7225, 'cooling_effectiveness_score': 1.0, 'saturation_eta_seconds': 13.6, 'prediction_stability': 0.7, 'thermal_soak_accumulation': 0.0, 'gpu_power_transient_score': 0.0, 'forecast_30s': 1.0, 'forecast_60s': 1.0, 'forecast_120s': 1.0, 'workload_fingerprint': 'CPU_COMPILE', 'thermal_phase': 'SUSTAINED_LOAD', 'thermal_headroom': 38.0, 'predictive_cooling_window': 'NONE', 'escalation_reason': 'THERMAL SATURATION APPROACHING', 'idle_clamp_active': False, 'transition_intelligence_score': 70.0, 'acoustic_optimization_active': False, 'hardware_controller': {'desired_mode': 'PERFORMANCE', 'actual_hardware_mode': 'BALANCED', 'last_transition_reason': 'HEALTH_FAILSAFE', 'transition_lock_timer': 0.0, 'transition_cooldown_timer': 4.7, 'adaptive_hold_duration': 20.0, 'hardware_sync_status': 'PENDING', 'rejected_transitions': 0, 'llt_response_status': 'OK'}}",3.8602514266967773,"[{'time': '00:20:36', 'source': 'SYS', 'category': 'HEALTHY', 'message': 'THERVO Core Ready'}, {'time': '00:20:51', 'source': 'SENS', 'category': 'HEALTHY', 'message': 'WMI Telemetry Synced'}, {'time': '00:21:01', 'source': 'CORE_AI', 'category': 'ACTION', 'message': 'Initialized Quiet Mode'}]","{'status': 'FAILSAFE', 'inference_lag_sec': 0.094512939453125, 'telemetry_lag_sec': 0.094512939453125, 'memory_growth_bytes': 244666368, 'issues': ['Memory growth detected']}",1930.0,0.4937888109087944,2234.472027271986,"{'cpu_util': 100.0, 'gpu_util': 29.0, 'mem_util': 77.2, 'cpu_temp': 53.6, 'gpu_temp': 57.0, 'disk_io': 0.0, 'network_io': 0.0, 'power_draw': 98.96, 'battery': 98.0}",BALANCED,1785696667.2415178
2232.3086021840572,0.0,"{'active_mode': 'BALANCED', 'semantic_status': 'MODE: BALANCED', 'telemetry_hz': 4, 'adaptive_ema_alpha': 0.22, 'smoothed_risk': 0.449, 'risk_velocity': -0.0086, 'thermal_acceleration': -0.4999, 'cooling_effectiveness_score': 1.0, 'saturation_eta_seconds': -1.0, 'prediction_stability': 0.55, 'thermal_soak_accumulation': 0.0, 'gpu_power_transient_score': 0.0, 'forecast_30s': 0.19, 'forecast_60s': 0.0, 'forecast_120s': 0.0, 'workload_fingerprint': 'CPU_COMPILE', 'thermal_phase': 'SUSTAINED_LOAD', 'thermal_headroom': 38.0, 'predictive_cooling_window': 'NONE', 'escalation_reason': 'MODE: BALANCED', 'idle_clamp_active': False, 'transition_intelligence_score': 55.00000000000001, 'acoustic_optimization_active': False, 'hardware_controller': {'desired_mode': 'PERFORMANCE', 'actual_hardware_mode': 'BALANCED', 'last_transition_reason': 'HEALTH_FAILSAFE', 'transition_lock_timer': 0.0, 'transition_cooldown_timer': 4.6, 'adaptive_hold_duration': 20.0, 'hardware_sync_status': 'PENDING', 'rejected_transitions': 0, 'llt_response_status': 'OK'}}",3.9596643447875977,"[{'time': '00:20:36', 'source': 'SYS', 'category': 'HEALTHY', 'message': 'THERVO Core Ready'}, {'time': '00:20:51', 'source': 'SENS', 'category': 'HEALTHY', 'message': 'WMI Telemetry Synced'}, {'time': '00:21:01', 'source': 'CORE_AI', 'category': 'ACTION', 'message': 'Initialized Quiet Mode'}]","{'status': 'FAILSAFE', 'inference_lag_sec': 0.09390783309936523, 'telemetry_lag_sec': 0.09390783309936523, 'memory_growth_bytes': 244666368, 'issues': ['Memory growth detected']}",2035.0,0.4929234408736229,2232.3086021840572,"{'cpu_util': 100.0, 'gpu_util': 29.0, 'mem_util': 77.1, 'cpu_temp': 55.7, 'gpu_temp': 57.0, 'disk_io': 0.0, 'network_io': 2691.4893617267107, 'power_draw': 98.96, 'battery': 98.0}",BALANCED,1785696667.3409307
2236.349964737892,0.0,"{'active_mode': 'BALANCED', 'semantic_status': 'THERMAL SATURATION APPROACHING', 'telemetry_hz': 4, 'adaptive_ema_alpha': 0.16, 'smoothed_risk': 0.456, 'risk_velocity': 0.0163, 'thermal_acceleration': 0.2509, 'cooling_effectiveness_score': 1.0, 'saturation_eta_seconds': 33.4, 'prediction_stability': 0.4, 'thermal_soak_accumulation': 0.0, 'gpu_power_transient_score': 0.0, 'forecast_30s': 0.945, 'forecast_60s': 1.0, 'forecast_120s': 1.0, 'workload_fingerprint': 'CPU_COMPILE', 'thermal_phase': 'SUSTAINED_LOAD', 'thermal_headroom': 37.3, 'predictive_cooling_window': 'NONE', 'escalation_reason': 'THERMAL SATURATION APPROACHING', 'idle_clamp_active': False, 'transition_intelligence_score': 40.0, 'acoustic_optimization_active': False, 'hardware_controller': {'desired_mode': 'PERFORMANCE', 'actual_hardware_mode': 'BALANCED', 'last_transition_reason': 'HEALTH_FAILSAFE', 'transition_lock_timer': 0.0, 'transition_cooldown_timer': 4.5, 'adaptive_hold_duration': 20.0, 'hardware_sync_status': 'PENDING', 'rejected_transitions': 0, 'llt_response_status': 'OK'}}",4.05892539024353,"[{'time': '00:20:36', 'source': 'SYS', 'category': 'HEALTHY', 'message': 'THERVO Core Ready'}, {'time': '00:20:51', 'source': 'SENS', 'category': 'HEALTHY', 'message': 'WMI Telemetry Synced'}, {'time': '00:21:01', 'source': 'CORE_AI', 'category': 'ACTION', 'message': 'Initialized Quiet Mode'}]","{'status': 'FAILSAFE', 'inference_lag_sec': 0.0949244499206543, 'telemetry_lag_sec': 0.0949244499206543, 'memory_growth_bytes': 244666368, 'issues': ['Memory growth detected']}",2135.0,0.49453998589515685,2236.349964737892,"{'cpu_util': 100.0, 'gpu_util': 29.0, 'mem_util': 77.1, 'cpu_temp': 57.7, 'gpu_temp': 57.0, 'disk_io': 0.0, 'network_io': 17290.32258050448, 'power_draw': 98.96, 'battery': 98.0}",BALANCED,1785696667.4401917
2231.550654619932,0.0,"{'active_mode': 'BALANCED', 'semantic_status': 'MODE: BALANCED', 'telemetry_hz': 4, 'adaptive_ema_alpha': 0.1, 'smoothed_risk': 0.46, 'risk_velocity': -0.0185, 'thermal_acceleration': -0.3348, 'cooling_effectiveness_score': 1.0, 'saturation_eta_seconds': -1.0, 'prediction_stability': 0.25, 'thermal_soak_accumulation': 0.0, 'gpu_power_transient_score': 0.0, 'forecast_30s': 0.0, 'forecast_60s': 0.0, 'forecast_120s': 0.0, 'workload_fingerprint': 'CPU_COMPILE', 'thermal_phase': 'SUSTAINED_LOAD', 'thermal_headroom': 35.5, 'predictive_cooling_window': 'NONE', 'escalation_reason': 'MODE: BALANCED', 'idle_clamp_active': False, 'transition_intelligence_score': 25.0, 'acoustic_optimization_active': False, 'hardware_controller': {'desired_mode': 'PERFORMANCE', 'actual_hardware_mode': 'BALANCED', 'last_transition_reason': 'HEALTH_FAILSAFE', 'transition_lock_timer': 0.0, 'transition_cooldown_timer': 4.4, 'adaptive_hold_duration': 20.0, 'hardware_sync_status': 'PENDING', 'rejected_transitions': 0, 'llt_response_status': 'OK'}}",4.16278600692749,"[{'time': '00:20:36', 'source': 'SYS', 'category': 'HEALTHY', 'message': 'THERVO Core Ready'}, {'time': '00:20:51', 'source': 'SENS', 'category': 'HEALTHY', 'message': 'WMI Telemetry Synced'}, {'time': '00:21:01', 'source': 'CORE_AI', 'category': 'ACTION', 'message': 'Initialized Quiet Mode'}]","{'status': 'FAILSAFE', 'inference_lag_sec': 0.09616255760192871, 'telemetry_lag_sec': 0.09616255760192871, 'memory_growth_bytes': 244682752, 'issues': ['Memory growth detected']}",2225.0,0.49262026184797286,2231.550654619932,"{'cpu_util': 100.0, 'gpu_util': 29.0, 'mem_util': 77.1, 'cpu_temp': 59.5, 'gpu_temp': 57.0, 'disk_io': 0.0, 'network_io': 981.818181829222, 'power_draw': 98.96, 'battery': 98.0}",BALANCED,1785696667.5440524
2151.264432871342,0.0,"{'active_mode': 'BALANCED', 'semantic_status': 'MODE: BALANCED', 'telemetry_hz': 4, 'adaptive_ema_alpha': 0.1, 'smoothed_risk': 0.46, 'risk_velocity': -0.3275, 'thermal_acceleration': -3.1513, 'cooling_effectiveness_score': 1.0, 'saturation_eta_seconds': -1.0, 'prediction_stability': 0.25, 'thermal_soak_accumulation': 0.0, 'gpu_power_transient_score': -17.73, 'forecast_30s': 0.0, 'forecast_60s': 0.0, 'forecast_120s': 0.0, 'workload_fingerprint': 'CPU_COMPILE', 'thermal_phase': 'SUSTAINED_LOAD', 'thermal_headroom': 34.6, 'predictive_cooling_window': 'NONE', 'escalation_reason': 'MODE: BALANCED', 'idle_clamp_active': False, 'transition_intelligence_score': 25.0, 'acoustic_optimization_active': False, 'hardware_controller': {'desired_mode': 'PERFORMANCE', 'actual_hardware_mode': 'BALANCED', 'last_transition_reason': 'HEALTH_FAILSAFE', 'transition_lock_timer': 0.0, 'transition_cooldown_timer': 4.3, 'adaptive_hold_duration': 20.0, 'hardware_sync_status': 'PENDING', 'rejected_transitions': 0, 'llt_response_status': 'OK'}}",4.260845422744751,"[{'time': '00:20:36', 'source': 'SYS', 'category': 'HEALTHY', 'message': 'THERVO Core Ready'}, {'time': '00:20:51', 'source': 'SENS', 'category': 'HEALTHY', 'message': 'WMI Telemetry Synced'}, {'time': '00:21:01', 'source': 'CORE_AI', 'category': 'ACTION', 'message': 'Initialized Quiet Mode'}]","{'status': 'FAILSAFE', 'inference_lag_sec': 0.09303545951843262, 'telemetry_lag_sec': 0.09303545951843262, 'memory_growth_bytes': 244686848, 'issues': ['Memory growth detected']}",2270.0,0.4605057731485367,2151.264432871342,"{'cpu_util': 79.14, 'gpu_util': 29.0, 'mem_util': 77.2, 'cpu_temp': 60.4, 'gpu_temp': 57.0, 'disk_io': 0.0, 'network_io': 0.0, 'power_draw': 81.23, 'battery': 98.0}",BALANCED,1785696667.6421118
2147.133830988407,0.0,"{'active_mode': 'BALANCED', 'semantic_status': 'MODE: BALANCED', 'telemetry_hz': 4, 'adaptive_ema_alpha': 0.1, 'smoothed_risk': 0.46, 'risk_velocity': -0.0161, 'thermal_acceleration': 3.0322, 'cooling_effectiveness_score': 1.0, 'saturation_eta_seconds': -1.0, 'prediction_stability': 0.25, 'thermal_soak_accumulation': 0.0, 'gpu_power_transient_score': -17.73, 'forecast_30s': 0.0, 'forecast_60s': 0.0, 'forecast_120s': 0.0, 'workload_fingerprint': 'CPU_COMPILE', 'thermal_phase': 'SUSTAINED_LOAD', 'thermal_headroom': 33.7, 'predictive_cooling_window': 'NONE', 'escalation_reason': 'MODE: BALANCED', 'idle_clamp_active': False, 'transition_intelligence_score': 25.0, 'acoustic_optimization_active': False, 'hardware_controller': {'desired_mode': 'PERFORMANCE', 'actual_hardware_mode': 'BALANCED', 'last_transition_reason': 'HEALTH_FAILSAFE', 'transition_lock_timer': 0.0, 'transition_cooldown_timer': 4.2, 'adaptive_hold_duration': 20.0, 'hardware_sync_status': 'PENDING', 'rejected_transitions': 0, 'llt_response_status': 'OK'}}",4.3635478019714355,"[{'time': '00:20:36', 'source': 'SYS', 'category': 'HEALTHY', 'message': 'THERVO Core Ready'}, {'time': '00:20:51', 'source': 'SENS', 'category': 'HEALTHY', 'message': 'WMI Telemetry Synced'}, {'time': '00:21:01', 'source': 'CORE_AI', 'category': 'ACTION', 'message': 'Initialized Quiet Mode'}]","{'status': 'FAILSAFE', 'inference_lag_sec': 0.09562826156616211, 'telemetry_lag_sec': 0.09562826156616211, 'memory_growth_bytes': 244695040, 'issues': ['Memory growth detected']}",2315.0,0.45885353239536286,2147.133830988407,"{'cpu_util': 79.14, 'gpu_util': 29.0, 'mem_util': 77.2, 'cpu_temp': 61.3, 'gpu_temp': 57.0, 'disk_io': 0.0, 'network_io': 2299.999999987829, 'power_draw': 81.23, 'battery': 98.0}",BALANCED,1785696667.7448142
2145.73941757679,0.0,"{'active_mode': 'BALANCED', 'semantic_status': 'MODE: BALANCED', 'telemetry_hz': 4, 'adaptive_ema_alpha': 0.16, 'smoothed_risk': 0.459, 'risk_velocity': -0.0056, 'thermal_acceleration': 0.1055, 'cooling_effectiveness_score': 1.0, 'saturation_eta_seconds': -1.0, 'prediction_stability': 0.4, 'thermal_soak_accumulation': 0.0, 'gpu_power_transient_score': -17.73, 'forecast_30s': 0.291, 'forecast_60s': 0.122, 'forecast_120s': 0.0, 'workload_fingerprint': 'CPU_COMPILE', 'thermal_phase': 'SUSTAINED_LOAD', 'thermal_headroom': 32.9, 'predictive_cooling_window': 'NONE', 'escalation_reason': 'MODE: BALANCED', 'idle_clamp_active': False, 'transition_intelligence_score': 40.0, 'acoustic_optimization_active': False, 'hardware_controller': {'desired_mode': 'PERFORMANCE', 'actual_hardware_mode': 'BALANCED', 'last_transition_reason': 'HEALTH_FAILSAFE', 'transition_lock_timer': 0.0, 'transition_cooldown_timer': 4.1, 'adaptive_hold_duration': 20.0, 'hardware_sync_status': 'PENDING', 'rejected_transitions': 0, 'llt_response_status': 'OK'}}",4.462823867797852,"[{'time': '00:20:36', 'source': 'SYS', 'category': 'HEALTHY', 'message': 'THERVO Core Ready'}, {'time': '00:20:51', 'source': 'SENS', 'category': 'HEALTHY', 'message': 'WMI Telemetry Synced'}, {'time': '00:21:01', 'source': 'CORE_AI', 'category': 'ACTION', 'message': 'Initialized Quiet Mode'}]","{'status': 'FAILSAFE', 'inference_lag_sec': 0.0936729907989502, 'telemetry_lag_sec': 0.0936729907989502, 'memory_growth_bytes': 244695040, 'issues': ['Memory growth detected']}",2355.0,0.45829576703071595,2145.73941757679,"{'cpu_util': 79.14, 'gpu_util': 29.0, 'mem_util': 77.2, 'cpu_temp': 62.1, 'gpu_temp': 57.0, 'disk_io': 0.0, 'network_io': 1734.0425532073275, 'power_draw': 81.23, 'battery': 98.0}",BALANCED,1785696667.8440902
2094.067998284101,0.0,"{'active_mode': 'BALANCED', 'semantic_status': 'MODE: BALANCED', 'telemetry_hz': 4, 'adaptive_ema_alpha': 0.16, 'smoothed_risk': 0.456, 'risk_velocity': -0.1426, 'thermal_acceleration': -0.9455, 'cooling_effectiveness_score': 1.0, 'saturation_eta_seconds': -1.0, 'prediction_stability': 0.4, 'thermal_soak_accumulation': 0.0, 'gpu_power_transient_score': -11.61, 'forecast_30s': 0.0, 'forecast_60s': 0.0, 'forecast_120s': 0.0, 'workload_fingerprint': 'CPU_COMPILE', 'thermal_phase': 'SUSTAINED_LOAD', 'thermal_headroom': 32.2, 'predictive_cooling_window': 'NONE', 'escalation_reason': 'MODE: BALANCED', 'idle_clamp_active': False, 'transition_intelligence_score': 40.0, 'acoustic_optimization_active': False, 'hardware_controller': {'desired_mode': 'PERFORMANCE', 'actual_hardware_mode': 'BALANCED', 'last_transition_reason': 'HEALTH_FAILSAFE', 'transition_lock_timer': 0.0, 'transition_cooldown_timer': 3.9, 'adaptive_hold_duration': 20.0, 'hardware_sync_status': 'PENDING', 'rejected_transitions': 0, 'llt_response_status': 'OK'}}",4.6077330112457275,"[{'time': '00:20:36', 'source': 'SYS', 'category': 'HEALTHY', 'message': 'THERVO Core Ready'}, {'time': '00:20:51', 'source': 'SENS', 'category': 'HEALTHY', 'message': 'WMI Telemetry Synced'}, {'time': '00:21:01', 'source': 'CORE_AI', 'category': 'ACTION', 'message': 'Initialized Quiet Mode'}]","{'status': 'FAILSAFE', 'inference_lag_sec': 0.09534335136413574, 'telemetry_lag_sec': 0.09534335136413574, 'memory_growth_bytes': 244707328, 'issues': ['Memory growth detected']}",2390.0,0.4376271993136406,2094.067998284101,"{'cpu_util': 79.14, 'gpu_util': 4.0, 'mem_util': 77.2, 'cpu_temp': 62.8, 'gpu_temp': 58.0, 'disk_io': 0.0, 'network_io': 26128.20512806133, 'power_draw': 87.35, 'battery': 98.0}",BALANCED,1785696667.9889994
2067.201204651594,0.0,"{'active_mode': 'BALANCED', 'semantic_status': 'MODE: BALANCED', 'telemetry_hz': 4, 'adaptive_ema_alpha': 0.22, 'smoothed_risk': 0.45, 'risk_velocity': -0.1951, 'thermal_acceleration': -0.9531, 'cooling_effectiveness_score': 1.0, 'saturation_eta_seconds': -1.0, 'prediction_stability': 0.55, 'thermal_soak_accumulation': 0.0, 'gpu_power_transient_score': 6.12, 'forecast_30s': 0.0, 'forecast_60s': 0.0, 'forecast_120s': 0.0, 'workload_fingerprint': 'CPU_COMPILE', 'thermal_phase': 'SUSTAINED_LOAD', 'thermal_headroom': 31.5, 'predictive_cooling_window': 'NONE', 'escalation_reason': 'MODE: BALANCED', 'idle_clamp_active': False, 'transition_intelligence_score': 55.00000000000001, 'acoustic_optimization_active': False, 'hardware_controller': {'desired_mode': 'PERFORMANCE', 'actual_hardware_mode': 'BALANCED', 'last_transition_reason': 'HEALTH_FAILSAFE', 'transition_lock_timer': 0.0, 'transition_cooldown_timer': 3.9, 'adaptive_hold_duration': 20.0, 'hardware_sync_status': 'PENDING', 'rejected_transitions': 0, 'llt_response_status': 'OK'}}",4.662808656692505,"[{'time': '00:20:36', 'source': 'SYS', 'category': 'HEALTHY', 'message': 'THERVO Core Ready'}, {'time': '00:20:51', 'source': 'SENS', 'category': 'HEALTHY', 'message': 'WMI Telemetry Synced'}, {'time': '00:21:01', 'source': 'CORE_AI', 'category': 'ACTION', 'message': 'Initialized Quiet Mode'}]","{'status': 'FAILSAFE', 'inference_lag_sec': 0.05106806755065918, 'telemetry_lag_sec': 0.05106806755065918, 'memory_growth_bytes': 244715520, 'issues': ['Memory growth detected']}",2425.0,0.42688048186063765,2067.201204651594,"{'cpu_util': 79.14, 'gpu_util': 4.0, 'mem_util': 77.2, 'cpu_temp': 63.5, 'gpu_temp': 58.0, 'disk_io': 0.0, 'network_io': 5893.617021444473, 'power_draw': 87.35, 'battery': 98.0}",BALANCED,1785696668.044075
2067.0160204708573,0.0,"{'active_mode': 'BALANCED', 'semantic_status': 'MODE: BALANCED', 'telemetry_hz': 4, 'adaptive_ema_alpha': 0.28, 'smoothed_risk': 0.443, 'risk_velocity': -0.0007, 'thermal_acceleration': 1.9221, 'cooling_effectiveness_score': 1.0, 'saturation_eta_seconds': -1.0, 'prediction_stability': 0.7, 'thermal_soak_accumulation': 0.0, 'gpu_power_transient_score': 6.12, 'forecast_30s': 0.421, 'forecast_60s': 0.399, 'forecast_120s': 0.355, 'workload_fingerprint': 'CPU_COMPILE', 'thermal_phase': 'SUSTAINED_LOAD', 'thermal_headroom': 30.900000000000006, 'predictive_cooling_window': 'NONE', 'escalation_reason': 'MODE: BALANCED', 'idle_clamp_active': False, 'transition_intelligence_score': 70.0, 'acoustic_optimization_active': False, 'hardware_controller': {'desired_mode': 'PERFORMANCE', 'actual_hardware_mode': 'BALANCED', 'last_transition_reason': 'HEALTH_FAILSAFE', 'transition_lock_timer': 0.0, 'transition_cooldown_timer': 3.8, 'adaptive_hold_duration': 20.0, 'hardware_sync_status': 'PENDING', 'rejected_transitions': 0, 'llt_response_status': 'OK'}}",4.763945579528809,"[{'time': '00:20:36', 'source': 'SYS', 'category': 'HEALTHY', 'message': 'THERVO Core Ready'}, {'time': '00:20:51', 'source': 'SENS', 'category': 'HEALTHY', 'message': 'WMI Telemetry Synced'}, {'time': '00:21:01', 'source': 'CORE_AI', 'category': 'ACTION', 'message': 'Initialized Quiet Mode'}]","{'status': 'FAILSAFE', 'inference_lag_sec': 0.09703278541564941, 'telemetry_lag_sec': 0.09703278541564941, 'memory_growth_bytes': 244715520, 'issues': ['Memory growth detected']}",2454.9999999999995,0.42680640818834303,2067.0160204708573,"{'cpu_util': 79.14, 'gpu_util': 4.0, 'mem_util': 77.2, 'cpu_temp': 64.1, 'gpu_temp': 58.0, 'disk_io': 0.0, 'network_io': 385.3211009160937, 'power_draw': 87.35, 'battery': 98.0}",BALANCED,1785696668.145212
2078.356176668405,0.0,"{'active_mode': 'BALANCED', 'semantic_status': 'THERMAL SATURATION APPROACHING', 'telemetry_hz': 4, 'adaptive_ema_alpha': 0.28, 'smoothed_risk': 0.44, 'risk_velocity': 0.045, 'thermal_acceleration': 0.4543, 'cooling_effectiveness_score': 1.0, 'saturation_eta_seconds': 12.4, 'prediction_stability': 0.7, 'thermal_soak_accumulation': 0.0, 'gpu_power_transient_score': 6.12, 'forecast_30s': 1.0, 'forecast_60s': 1.0, 'forecast_120s': 1.0, 'workload_fingerprint': 'CPU_COMPILE', 'thermal_phase': 'SUSTAINED_LOAD', 'thermal_headroom': 30.299999999999997, 'predictive_cooling_window': 'NONE', 'escalation_reason': 'THERMAL SATURATION APPROACHING', 'idle_clamp_active': False, 'transition_intelligence_score': 70.0, 'acoustic_optimization_active': False, 'hardware_controller': {'desired_mode': 'PERFORMANCE', 'actual_hardware_mode': 'BALANCED', 'last_transition_reason': 'HEALTH_FAILSAFE', 'transition_lock_timer': 0.0, 'transition_cooldown_timer': 3.7, 'adaptive_hold_duration': 20.0, 'hardware_sync_status': 'PENDING', 'rejected_transitions': 0, 'llt_response_status': 'OK'}}",4.864680290222168,"[{'time': '00:20:36', 'source': 'SYS', 'category': 'HEALTHY', 'message': 'THERVO Core Ready'}, {'time': '00:20:51', 'source': 'SENS', 'category': 'HEALTHY', 'message': 'WMI Telemetry Synced'}, {'time': '00:21:01', 'source': 'CORE_AI', 'category': 'ACTION', 'message': 'Initialized Quiet Mode'}]","{'status': 'FAILSAFE', 'inference_lag_sec': 0.09622335433959961, 'telemetry_lag_sec': 0.09622335433959961, 'memory_growth_bytes': 244723712, 'issues': ['Memory growth detected']}",2485.0,0.4313424706673622,2078.356176668405,"{'cpu_util': 79.14, 'gpu_util': 4.0, 'mem_util': 77.2, 'cpu_temp': 64.7, 'gpu_temp': 58.0, 'disk_io': 0.0, 'network_io': 446.8085106337327, 'power_draw': 87.35, 'battery': 98.0}",BALANCED,1785696668.2459466
2064.7066385090347,0.0,"{'active_mode': 'BALANCED', 'semantic_status': 'MODE: BALANCED', 'telemetry_hz': 4, 'adaptive_ema_alpha': 0.28, 'smoothed_risk': 0.436, 'risk_velocity': -0.0544, 'thermal_acceleration': -0.9895, 'cooling_effectiveness_score': 1.0, 'saturation_eta_seconds': -1.0, 'prediction_stability': 0.7, 'thermal_soak_accumulation': 0.0, 'gpu_power_transient_score': 0.0, 'forecast_30s': 0.0, 'forecast_60s': 0.0, 'forecast_120s': 0.0, 'workload_fingerprint': 'CPU_COMPILE', 'thermal_phase': 'SUSTAINED_LOAD', 'thermal_headroom': 29.799999999999997, 'predictive_cooling_window': 'NONE', 'escalation_reason': 'MODE: BALANCED', 'idle_clamp_active': False, 'transition_intelligence_score': 70.0, 'acoustic_optimization_active': False, 'hardware_controller': {'desired_mode': 'PERFORMANCE', 'actual_hardware_mode': 'BALANCED', 'last_transition_reason': 'HEALTH_FAILSAFE', 'transition_lock_timer': 0.0, 'transition_cooldown_timer': 3.6, 'adaptive_hold_duration': 20.0, 'hardware_sync_status': 'PENDING', 'rejected_transitions': 0, 'llt_response_status': 'OK'}}",4.965120315551758,"[{'time': '00:20:36', 'source': 'SYS', 'category': 'HEALTHY', 'message': 'THERVO Core Ready'}, {'time': '00:20:51', 'source': 'SENS', 'category': 'HEALTHY', 'message': 'WMI Telemetry Synced'}, {'time': '00:21:01', 'source': 'CORE_AI', 'category': 'ACTION', 'message': 'Initialized Quiet Mode'}]","{'status': 'FAILSAFE', 'inference_lag_sec': 0.09635734558105469, 'telemetry_lag_sec': 0.09635734558105469, 'memory_growth_bytes': 244740096, 'issues': ['Memory growth detected']}",2510.0,0.42588265540361403,2064.7066385090347,"{'cpu_util': 79.14, 'gpu_util': 4.0, 'mem_util': 77.2, 'cpu_temp': 65.2, 'gpu_temp': 58.0, 'disk_io': 392170.2127695394, 'network_io': 14031.914893745185, 'power_draw': 87.35, 'battery': 98.0}",BALANCED,1785696668.3463867
2079.653974676132,0.0,"{'active_mode': 'BALANCED', 'semantic_status': 'THERMAL SATURATION APPROACHING', 'telemetry_hz': 4, 'adaptive_ema_alpha': 0.22, 'smoothed_risk': 0.435, 'risk_velocity': 0.0577, 'thermal_acceleration': 1.0825, 'cooling_effectiveness_score': 1.0, 'saturation_eta_seconds': 9.8, 'prediction_stability': 0.55, 'thermal_soak_accumulation': 0.0, 'gpu_power_transient_score': 0.0, 'forecast_30s': 1.0, 'forecast_60s': 1.0, 'forecast_120s': 1.0, 'workload_fingerprint': 'CPU_COMPILE', 'thermal_phase': 'SUSTAINED_LOAD', 'thermal_headroom': 29.299999999999997, 'predictive_cooling_window': 'NONE', 'escalation_reason': 'THERMAL SATURATION APPROACHING', 'idle_clamp_active': False, 'transition_intelligence_score': 55.00000000000001, 'acoustic_optimization_active': False, 'hardware_controller': {'desired_mode': 'PERFORMANCE', 'actual_hardware_mode': 'BALANCED', 'last_transition_reason': 'HEALTH_FAILSAFE', 'transition_lock_timer': 0.0, 'transition_cooldown_timer': 3.5, 'adaptive_hold_duration': 20.0, 'hardware_sync_status': 'PENDING', 'rejected_transitions': 0, 'llt_response_status': 'OK'}}",5.068674087524414,"[{'time': '00:20:36', 'source': 'SYS', 'category': 'HEALTHY', 'message': 'THERVO Core Ready'}, {'time': '00:20:51', 'source': 'SENS', 'category': 'HEALTHY', 'message': 'WMI Telemetry Synced'}, {'time': '00:21:01', 'source': 'CORE_AI', 'category': 'ACTION', 'message': 'Initialized Quiet Mode'}]","{'status': 'FAILSAFE', 'inference_lag_sec': 0.09653878211975098, 'telemetry_lag_sec': 0.09653878211975098, 'memory_growth_bytes': 244740096, 'issues': ['Memory growth detected']}",2535.0,0.43186158987045287,2079.653974676132,"{'cpu_util': 79.14, 'gpu_util': 4.0, 'mem_util': 77.2, 'cpu_temp': 65.7, 'gpu_temp': 58.0, 'disk_io': 0.0, 'network_io': 495.41284403497764, 'power_draw': 87.35, 'battery': 98.0}",BALANCED,1785696668.4499404
2087.9970416963097,0.0,"{'active_mode': 'BALANCED', 'semantic_status': 'THERMAL SATURATION APPROACHING', 'telemetry_hz': 4, 'adaptive_ema_alpha': 0.22, 'smoothed_risk': 0.435, 'risk_velocity': 0.0336, 'thermal_acceleration': -0.243, 'cooling_effectiveness_score': 1.0, 'saturation_eta_seconds': 16.8, 'prediction_stability': 0.55, 'thermal_soak_accumulation': 0.0, 'gpu_power_transient_score': 0.0, 'forecast_30s': 1.0, 'forecast_60s': 1.0, 'forecast_120s': 1.0, 'workload_fingerprint': 'CPU_COMPILE', 'thermal_phase': 'SUSTAINED_LOAD', 'thermal_headroom': 28.900000000000006, 'predictive_cooling_window': 'NONE', 'escalation_reason': 'THERMAL SATURATION APPROACHING', 'idle_clamp_active': False, 'transition_intelligence_score': 55.00000000000001, 'acoustic_optimization_active': False, 'hardware_controller': {'desired_mode': 'PERFORMANCE', 'actual_hardware_mode': 'BALANCED', 'last_transition_reason': 'HEALTH_FAILSAFE', 'transition_lock_timer': 0.0, 'transition_cooldown_timer': 3.4, 'adaptive_hold_duration': 20.0, 'hardware_sync_status': 'PENDING', 'rejected_transitions': 0, 'llt_response_status': 'OK'}}",5.168002367019653,"[{'time': '00:20:36', 'source': 'SYS', 'category': 'HEALTHY', 'message': 'THERVO Core Ready'}, {'time': '00:20:51', 'source': 'SENS', 'category': 'HEALTHY', 'message': 'WMI Telemetry Synced'}, {'time': '00:21:01', 'source': 'CORE_AI', 'category': 'ACTION', 'message': 'Initialized Quiet Mode'}]","{'status': 'FAILSAFE', 'inference_lag_sec': 0.09381747245788574, 'telemetry_lag_sec': 0.09381747245788574, 'memory_growth_bytes': 244740096, 'issues': ['Memory growth detected']}",2555.0,0.435198816678524,2087.9970416963097,"{'cpu_util': 79.14, 'gpu_util': 4.0, 'mem_util': 77.2, 'cpu_temp': 66.1, 'gpu_temp': 58.0, 'disk_io': 0.0, 'network_io': 585.1063829840675, 'power_draw': 87.35, 'battery': 98.0}",BALANCED,1785696668.5492687
2135.7649626135826,0.0,"{'active_mode': 'BALANCED', 'semantic_status': 'RISK VELOCITY INCREASING', 'telemetry_hz': 4, 'adaptive_ema_alpha': 0.22, 'smoothed_risk': 0.439, 'risk_velocity': 0.187, 'thermal_acceleration': 1.5008, 'cooling_effectiveness_score': 1.0, 'saturation_eta_seconds': 3.0, 'prediction_stability': 0.55, 'thermal_soak_accumulation': 0.0, 'gpu_power_transient_score': 13.73, 'forecast_30s': 1.0, 'forecast_60s': 1.0, 'forecast_120s': 1.0, 'workload_fingerprint': 'CPU_COMPILE', 'thermal_phase': 'SUSTAINED_LOAD', 'thermal_headroom': 27.900000000000006, 'predictive_cooling_window': 'NONE', 'escalation_reason': 'RISK VELOCITY INCREASING', 'idle_clamp_active': False, 'transition_intelligence_score': 55.00000000000001, 'acoustic_optimization_active': False, 'hardware_controller': {'desired_mode': 'PERFORMANCE', 'actual_hardware_mode': 'BALANCED', 'last_transition_reason': 'HEALTH_FAILSAFE', 'transition_lock_timer': 0.0, 'transition_cooldown_timer': 3.3, 'adaptive_hold_duration': 20.0, 'hardware_sync_status': 'PENDING', 'rejected_transitions': 0, 'llt_response_status': 'OK'}}",5.270196199417114,"[{'time': '00:20:36', 'source': 'SYS', 'category': 'HEALTHY', 'message': 'THERVO Core Ready'}, {'time': '00:20:51', 'source': 'SENS', 'category': 'HEALTHY', 'message': 'WMI Telemetry Synced'}, {'time': '00:21:01', 'source': 'CORE_AI', 'category': 'ACTION', 'message': 'Initialized Quiet Mode'}]","{'status': 'FAILSAFE', 'inference_lag_sec': 0.09468650817871094, 'telemetry_lag_sec': 0.09468650817871094, 'memory_growth_bytes': 244740096, 'issues': ['Memory growth detected']}",2605.0,0.45430598504543307,2135.7649626135826,"{'cpu_util': 95.3, 'gpu_util': 4.0, 'mem_util': 77.2, 'cpu_temp': 67.1, 'gpu_temp': 58.0, 'disk_io': 0.0, 'network_io': 7119.266055021159, 'power_draw': 101.08, 'battery': 98.0}",BALANCED,1785696668.6514626
2165.159738242626,0.0,"{'active_mode': 'BALANCED', 'semantic_status': 'RISK VELOCITY INCREASING', 'telemetry_hz': 4, 'adaptive_ema_alpha': 0.22, 'smoothed_risk': 0.445, 'risk_velocity': 0.1186, 'thermal_acceleration': -0.6897, 'cooling_effectiveness_score': 1.0, 'saturation_eta_seconds': 4.7, 'prediction_stability': 0.55, 'thermal_soak_accumulation': 0.0, 'gpu_power_transient_score': 13.73, 'forecast_30s': 1.0, 'forecast_60s': 1.0, 'forecast_120s': 1.0, 'workload_fingerprint': 'CPU_COMPILE', 'thermal_phase': 'SUSTAINED_LOAD', 'thermal_headroom': 27.0, 'predictive_cooling_window': 'NONE', 'escalation_reason': 'RISK VELOCITY INCREASING', 'idle_clamp_active': False, 'transition_intelligence_score': 55.00000000000001, 'acoustic_optimization_active': False, 'hardware_controller': {'desired_mode': 'PERFORMANCE', 'actual_hardware_mode': 'BALANCED', 'last_transition_reason': 'HEALTH_FAILSAFE', 'transition_lock_timer': 0.0, 'transition_cooldown_timer': 3.2, 'adaptive_hold_duration': 20.0, 'hardware_sync_status': 'PENDING', 'rejected_transitions': 0, 'llt_response_status': 'OK'}}",5.369348526000977,"[{'time': '00:20:36', 'source': 'SYS', 'category': 'HEALTHY', 'message': 'THERVO Core Ready'}, {'time': '00:20:51', 'source': 'SENS', 'category': 'HEALTHY', 'message': 'WMI Telemetry Synced'}, {'time': '00:21:01', 'source': 'CORE_AI', 'category': 'ACTION', 'message': 'Initialized Quiet Mode'}]","{'status': 'FAILSAFE', 'inference_lag_sec': 0.09317970275878906, 'telemetry_lag_sec': 0.09317970275878906, 'memory_growth_bytes': 244748288, 'issues': ['Memory growth detected']}",2650.0,0.4660638952970505,2165.159738242626,"{'cpu_util': 95.3, 'gpu_util': 4.0, 'mem_util': 77.2, 'cpu_temp': 68.0, 'gpu_temp': 58.0, 'disk_io': 0.0, 'network_io': 9202.127659480448, 'power_draw': 101.08, 'battery': 98.0}",BALANCED,1785696668.750615
2150.891336232424,0.0,"{'active_mode': 'BALANCED', 'semantic_status': 'MODE: BALANCED', 'telemetry_hz': 4, 'adaptive_ema_alpha': 0.16, 'smoothed_risk': 0.448, 'risk_velocity': -0.0565, 'thermal_acceleration': -1.733, 'cooling_effectiveness_score': 1.0, 'saturation_eta_seconds': -1.0, 'prediction_stability': 0.4, 'thermal_soak_accumulation': 0.0, 'gpu_power_transient_score': 13.73, 'forecast_30s': 0.0, 'forecast_60s': 0.0, 'forecast_120s': 0.0, 'workload_fingerprint': 'CPU_COMPILE', 'thermal_phase': 'SUSTAINED_LOAD', 'thermal_headroom': 26.200000000000003, 'predictive_cooling_window': 'NONE', 'escalation_reason': 'MODE: BALANCED', 'idle_clamp_active': False, 'transition_intelligence_score': 40.0, 'acoustic_optimization_active': False, 'hardware_controller': {'desired_mode': 'PERFORMANCE', 'actual_hardware_mode': 'BALANCED', 'last_transition_reason': 'HEALTH_FAILSAFE', 'transition_lock_timer': 0.0, 'transition_cooldown_timer': 3.1, 'adaptive_hold_duration': 20.0, 'hardware_sync_status': 'PENDING', 'rejected_transitions': 0, 'llt_response_status': 'OK'}}",5.470375299453735,"[{'time': '00:20:36', 'source': 'SYS', 'category': 'HEALTHY', 'message': 'THERVO Core Ready'}, {'time': '00:20:51', 'source': 'SENS', 'category': 'HEALTHY', 'message': 'WMI Telemetry Synced'}, {'time': '00:21:01', 'source': 'CORE_AI', 'category': 'ACTION', 'message': 'Initialized Quiet Mode'}]","{'status': 'FAILSAFE', 'inference_lag_sec': 0.09436345100402832, 'telemetry_lag_sec': 0.09436345100402832, 'memory_growth_bytes': 244748288, 'issues': ['Memory growth detected']}",2690.0,0.46035653449296954,2150.891336232424,"{'cpu_util': 95.3, 'gpu_util': 4.0, 'mem_util': 77.2, 'cpu_temp': 68.8, 'gpu_temp': 58.0, 'disk_io': 0.0, 'network_io': 2339.449541315324, 'power_draw': 101.08, 'battery': 98.0}",BALANCED,1785696668.8516417
2158.5072452127934,0.0,"{'active_mode': 'BALANCED', 'semantic_status': 'THERMAL SATURATION APPROACHING', 'telemetry_hz': 4, 'adaptive_ema_alpha': 0.1, 'smoothed_risk': 0.449, 'risk_velocity': 0.0302, 'thermal_acceleration': 0.8576, 'cooling_effectiveness_score': 1.0, 'saturation_eta_seconds': 18.3, 'prediction_stability': 0.25, 'thermal_soak_accumulation': 0.0, 'gpu_power_transient_score': 13.73, 'forecast_30s': 1.0, 'forecast_60s': 1.0, 'forecast_120s': 1.0, 'workload_fingerprint': 'CPU_COMPILE', 'thermal_phase': 'SUSTAINED_LOAD', 'thermal_headroom': 25.5, 'predictive_cooling_window': 'NONE', 'escalation_reason': 'THERMAL SATURATION APPROACHING', 'idle_clamp_active': False, 'transition_intelligence_score': 25.0, 'acoustic_optimization_active': False, 'hardware_controller': {'desired_mode': 'PERFORMANCE', 'actual_hardware_mode': 'BALANCED', 'last_transition_reason': 'HEALTH_FAILSAFE', 'transition_lock_timer': 0.0, 'transition_cooldown_timer': 3.0, 'adaptive_hold_duration': 20.0, 'hardware_sync_status': 'PENDING', 'rejected_transitions': 0, 'llt_response_status': 'OK'}}",5.571411609649658,"[{'time': '00:20:36', 'source': 'SYS', 'category': 'HEALTHY', 'message': 'THERVO Core Ready'}, {'time': '00:20:51', 'source': 'SENS', 'category': 'HEALTHY', 'message': 'WMI Telemetry Synced'}, {'time': '00:21:01', 'source': 'CORE_AI', 'category': 'ACTION', 'message': 'Initialized Quiet Mode'}]","{'status': 'FAILSAFE', 'inference_lag_sec': 0.09403228759765625, 'telemetry_lag_sec': 0.09403228759765625, 'memory_growth_bytes': 244752384, 'issues': ['Memory growth detected']}",2725.0,0.46340289808511737,2158.5072452127934,"{'cpu_util': 95.3, 'gpu_util': 4.0, 'mem_util': 77.3, 'cpu_temp': 69.5, 'gpu_temp': 58.0, 'disk_io': 0.0, 'network_io': 0.0, 'power_draw': 101.08, 'battery': 98.0}",BALANCED,1785696668.952678
2152.0345719456673,0.0,"{'active_mode': 'BALANCED', 'semantic_status': 'MODE: BALANCED', 'telemetry_hz': 4, 'adaptive_ema_alpha': 0.1, 'smoothed_risk': 0.45, 'risk_velocity': -0.0183, 'thermal_acceleration': -0.3434, 'cooling_effectiveness_score': 1.0, 'saturation_eta_seconds': -1.0, 'prediction_stability': 0.25, 'thermal_soak_accumulation': 0.0, 'gpu_power_transient_score': -0.2, 'forecast_30s': 0.0, 'forecast_60s': 0.0, 'forecast_120s': 0.0, 'workload_fingerprint': 'CPU_COMPILE', 'thermal_phase': 'SUSTAINED_LOAD', 'thermal_headroom': 24.799999999999997, 'predictive_cooling_window': 'NONE', 'escalation_reason': 'MODE: BALANCED', 'idle_clamp_active': False, 'transition_intelligence_score': 25.0, 'acoustic_optimization_active': False, 'hardware_controller': {'desired_mode': 'PERFORMANCE', 'actual_hardware_mode': 'BALANCED', 'last_transition_reason': 'HEALTH_FAILSAFE', 'transition_lock_timer': 0.0, 'transition_cooldown_timer': 2.8, 'adaptive_hold_duration': 20.0, 'hardware_sync_status': 'PENDING', 'rejected_transitions': 0, 'llt_response_status': 'OK'}}",5.712598562240601,"[{'time': '00:20:36', 'source': 'SYS', 'category': 'HEALTHY', 'message': 'THERVO Core Ready'}, {'time': '00:20:51', 'source': 'SENS', 'category': 'HEALTHY', 'message': 'WMI Telemetry Synced'}, {'time': '00:21:01', 'source': 'CORE_AI', 'category': 'ACTION', 'message': 'Initialized Quiet Mode'}]","{'status': 'FAILSAFE', 'inference_lag_sec': 0.09370112419128418, 'telemetry_lag_sec': 0.09370112419128418, 'memory_growth_bytes': 244752384, 'issues': ['Memory growth detected']}",2760.0,0.46081382877826693,2152.0345719456673,"{'cpu_util': 95.3, 'gpu_util': 4.0, 'mem_util': 77.3, 'cpu_temp': 70.2, 'gpu_temp': 58.0, 'disk_io': 0.0, 'network_io': 5524.822695050286, 'power_draw': 100.88, 'battery': 98.0}",BALANCED,1785696669.093865
2149.2613354623318,0.0,"{'active_mode': 'BALANCED', 'semantic_status': 'MODE: BALANCED', 'telemetry_hz': 4, 'adaptive_ema_alpha': 0.16, 'smoothed_risk': 0.452, 'risk_velocity': -0.0184, 'thermal_acceleration': -0.0008, 'cooling_effectiveness_score': 1.0, 'saturation_eta_seconds': -1.0, 'prediction_stability': 0.4, 'thermal_soak_accumulation': 0.0, 'gpu_power_transient_score': -0.2, 'forecast_30s': 0.0, 'forecast_60s': 0.0, 'forecast_120s': 0.0, 'workload_fingerprint': 'CPU_COMPILE', 'thermal_phase': 'SUSTAINED_LOAD', 'thermal_headroom': 24.200000000000003, 'predictive_cooling_window': 'NONE', 'escalation_reason': 'MODE: BALANCED', 'idle_clamp_active': False, 'transition_intelligence_score': 40.0, 'acoustic_optimization_active': False, 'hardware_controller': {'desired_mode': 'PERFORMANCE', 'actual_hardware_mode': 'BALANCED', 'last_transition_reason': 'HEALTH_FAILSAFE', 'transition_lock_timer': 0.0, 'transition_cooldown_timer': 2.8, 'adaptive_hold_duration': 20.0, 'hardware_sync_status': 'PENDING', 'rejected_transitions': 0, 'llt_response_status': 'OK'}}",5.772926330566406,"[{'time': '00:20:36', 'source': 'SYS', 'category': 'HEALTHY', 'message': 'THERVO Core Ready'}, {'time': '00:20:51', 'source': 'SENS', 'category': 'HEALTHY', 'message': 'WMI Telemetry Synced'}, {'time': '00:21:01', 'source': 'CORE_AI', 'category': 'ACTION', 'message': 'Initialized Quiet Mode'}]","{'status': 'FAILSAFE', 'inference_lag_sec': 0.053331613540649414, 'telemetry_lag_sec': 0.053331613540649414, 'memory_growth_bytes': 244756480, 'issues': ['Memory growth detected']}",2790.0,0.45970453418493273,2149.2613354623318,"{'cpu_util': 95.3, 'gpu_util': 4.0, 'mem_util': 77.3, 'cpu_temp': 70.8, 'gpu_temp': 58.0, 'disk_io': 0.0, 'network_io': 887.0967741950059, 'power_draw': 100.88, 'battery': 98.0}",BALANCED,1785696669.1541927
2149.4969228208065,0.0,"{'active_mode': 'BALANCED', 'semantic_status': 'MODE: BALANCED', 'telemetry_hz': 4, 'adaptive_ema_alpha': 0.16, 'smoothed_risk': 0.453, 'risk_velocity': 0.001, 'thermal_acceleration': 0.196, 'cooling_effectiveness_score': 1.0, 'saturation_eta_seconds': -1.0, 'prediction_stability': 0.4, 'thermal_soak_accumulation': 0.0, 'gpu_power_transient_score': -0.2, 'forecast_30s': 0.482, 'forecast_60s': 0.51, 'forecast_120s': 0.568, 'workload_fingerprint': 'CPU_COMPILE', 'thermal_phase': 'SUSTAINED_LOAD', 'thermal_headroom': 23.599999999999994, 'predictive_cooling_window': 'NONE', 'escalation_reason': 'MODE: BALANCED', 'idle_clamp_active': False, 'transition_intelligence_score': 40.0, 'acoustic_optimization_active': False, 'hardware_controller': {'desired_mode': 'PERFORMANCE', 'actual_hardware_mode': 'BALANCED', 'last_transition_reason': 'HEALTH_FAILSAFE', 'transition_lock_timer': 0.0, 'transition_cooldown_timer': 2.7, 'adaptive_hold_duration': 20.0, 'hardware_sync_status': 'PENDING', 'rejected_transitions': 0, 'llt_response_status': 'OK'}}",5.871593475341797,"[{'time': '00:20:36', 'source': 'SYS', 'category': 'HEALTHY', 'message': 'THERVO Core Ready'}, {'time': '00:20:51', 'source': 'SENS', 'category': 'HEALTHY', 'message': 'WMI Telemetry Synced'}, {'time': '00:21:01', 'source': 'CORE_AI', 'category': 'ACTION', 'message': 'Initialized Quiet Mode'}]","{'status': 'FAILSAFE', 'inference_lag_sec': 0.09365200996398926, 'telemetry_lag_sec': 0.09365200996398926, 'memory_growth_bytes': 244760576, 'issues': ['Memory growth detected']}",2820.0,0.4597987691283226,2149.4969228208065,"{'cpu_util': 95.3, 'gpu_util': 4.0, 'mem_util': 77.3, 'cpu_temp': 71.4, 'gpu_temp': 58.0, 'disk_io': 0.0, 'network_io': 1404.2553191345885, 'power_draw': 100.88, 'battery': 98.0}",BALANCED,1785696669.2528598
2159.1770710349083,0.0,"{'active_mode': 'BALANCED', 'semantic_status': 'THERMAL SATURATION APPROACHING', 'telemetry_hz': 4, 'adaptive_ema_alpha': 0.16, 'smoothed_risk': 0.455, 'risk_velocity': 0.0374, 'thermal_acceleration': 0.3516, 'cooling_effectiveness_score': 1.0, 'saturation_eta_seconds': 14.6, 'prediction_stability': 0.4, 'thermal_soak_accumulation': 0.0, 'gpu_power_transient_score': -0.2, 'forecast_30s': 1.0, 'forecast_60s': 1.0, 'forecast_120s': 1.0, 'workload_fingerprint': 'CPU_COMPILE', 'thermal_phase': 'SUSTAINED_LOAD', 'thermal_headroom': 23.099999999999994, 'predictive_cooling_window': 'NONE', 'escalation_reason': 'THERMAL SATURATION APPROACHING', 'idle_clamp_active': False, 'transition_intelligence_score': 40.0, 'acoustic_optimization_active': False, 'hardware_controller': {'desired_mode': 'PERFORMANCE', 'actual_hardware_mode': 'BALANCED', 'last_transition_reason': 'HEALTH_FAILSAFE', 'transition_lock_timer': 0.0, 'transition_cooldown_timer': 2.6, 'adaptive_hold_duration': 20.0, 'hardware_sync_status': 'PENDING', 'rejected_transitions': 0, 'llt_response_status': 'OK'}}",5.97518515586853,"[{'time': '00:20:36', 'source': 'SYS', 'category': 'HEALTHY', 'message': 'THERVO Core Ready'}, {'time': '00:20:51', 'source': 'SENS', 'category': 'HEALTHY', 'message': 'WMI Telemetry Synced'}, {'time': '00:21:01', 'source': 'CORE_AI', 'category': 'ACTION', 'message': 'Initialized Quiet Mode'}]","{'status': 'FAILSAFE', 'inference_lag_sec': 0.0956430435180664, 'telemetry_lag_sec': 0.0956430435180664, 'memory_growth_bytes': 244760576, 'issues': ['Memory growth detected']}",2845.0,0.46367082841396334,2159.1770710349083,"{'cpu_util': 95.3, 'gpu_util': 4.0, 'mem_util': 77.3, 'cpu_temp': 71.9, 'gpu_temp': 58.0, 'disk_io': 0.0, 'network_io': 504.58715596997183, 'power_draw': 100.88, 'battery': 98.0}",BALANCED,1785696669.3564515
2158.5072452127934,0.0,"{'active_mode': 'BALANCED', 'semantic_status': 'MODE: BALANCED', 'telemetry_hz': 4, 'adaptive_ema_alpha': 0.1, 'smoothed_risk': 0.456, 'risk_velocity': -0.0027, 'thermal_acceleration': -0.4093, 'cooling_effectiveness_score': 1.0, 'saturation_eta_seconds': -1.0, 'prediction_stability': 0.25, 'thermal_soak_accumulation': 0.0, 'gpu_power_transient_score': 0.0, 'forecast_30s': 0.374, 'forecast_60s': 0.292, 'forecast_120s': 0.128, 'workload_fingerprint': 'CPU_COMPILE', 'thermal_phase': 'SUSTAINED_LOAD', 'thermal_headroom': 22.599999999999994, 'predictive_cooling_window': 'NONE', 'escalation_reason': 'MODE: BALANCED', 'idle_clamp_active': False, 'transition_intelligence_score': 25.0, 'acoustic_optimization_active': False, 'hardware_controller': {'desired_mode': 'PERFORMANCE', 'actual_hardware_mode': 'BALANCED', 'last_transition_reason': 'HEALTH_FAILSAFE', 'transition_lock_timer': 0.0, 'transition_cooldown_timer': 2.5, 'adaptive_hold_duration': 20.0, 'hardware_sync_status': 'PENDING', 'rejected_transitions': 0, 'llt_response_status': 'OK'}}",6.073180198669434,"[{'time': '00:20:36', 'source': 'SYS', 'category': 'HEALTHY', 'message': 'THERVO Core Ready'}, {'time': '00:20:51', 'source': 'SENS', 'category': 'HEALTHY', 'message': 'WMI Telemetry Synced'}, {'time': '00:21:01', 'source': 'CORE_AI', 'category': 'ACTION', 'message': 'Initialized Quiet Mode'}]","{'status': 'FAILSAFE', 'inference_lag_sec': 0.09271478652954102, 'telemetry_lag_sec': 0.09271478652954102, 'memory_growth_bytes': 244760576, 'issues': ['Memory growth detected']}",2870.0,0.46340289808511737,2158.5072452127934,"{'cpu_util': 95.3, 'gpu_util': 4.0, 'mem_util': 77.3, 'cpu_temp': 72.4, 'gpu_temp': 58.0, 'disk_io': 0.0, 'network_io': 0.0, 'power_draw': 100.88, 'battery': 98.0}",BALANCED,1785696669.4544466
2149.4969228208065,0.0,"{'active_mode': 'BALANCED', 'semantic_status': 'MODE: BALANCED', 'telemetry_hz': 4, 'adaptive_ema_alpha': 0.1, 'smoothed_risk': 0.456, 'risk_velocity': -0.0349, 'thermal_acceleration': -0.3123, 'cooling_effectiveness_score': 1.0, 'saturation_eta_seconds': -1.0, 'prediction_stability': 0.25, 'thermal_soak_accumulation': 0.0, 'gpu_power_transient_score': 0.0, 'forecast_30s': 0.0, 'forecast_60s': 0.0, 'forecast_120s': 0.0, 'workload_fingerprint': 'CPU_COMPILE', 'thermal_phase': 'SUSTAINED_LOAD', 'thermal_headroom': 22.099999999999994, 'predictive_cooling_window': 'NONE', 'escalation_reason': 'MODE: BALANCED', 'idle_clamp_active': False, 'transition_intelligence_score': 25.0, 'acoustic_optimization_active': False, 'hardware_controller': {'desired_mode': 'PERFORMANCE', 'actual_hardware_mode': 'BALANCED', 'last_transition_reason': 'HEALTH_FAILSAFE', 'transition_lock_timer': 0.0, 'transition_cooldown_timer': 2.4, 'adaptive_hold_duration': 20.0, 'hardware_sync_status': 'PENDING', 'rejected_transitions': 0, 'llt_response_status': 'OK'}}",6.176318883895874,"[{'time': '00:20:36', 'source': 'SYS', 'category': 'HEALTHY', 'message': 'THERVO Core Ready'}, {'time': '00:20:51', 'source': 'SENS', 'category': 'HEALTHY', 'message': 'WMI Telemetry Synced'}, {'time': '00:21:01', 'source': 'CORE_AI', 'category': 'ACTION', 'message': 'Initialized Quiet Mode'}]","{'status': 'FAILSAFE', 'inference_lag_sec': 0.09561276435852051, 'telemetry_lag_sec': 0.09561276435852051, 'memory_growth_bytes': 244768768, 'issues': ['Memory growth detected']}",2895.0,0.4597987691283226,2149.4969228208065,"{'cpu_util': 95.3, 'gpu_util': 4.0, 'mem_util': 77.3, 'cpu_temp': 72.9, 'gpu_temp': 58.0, 'disk_io': 0.0, 'network_io': 1596.3302752238167, 'power_draw': 100.88, 'battery': 98.0}",BALANCED,1785696669.5575852
2151.8207145392894,0.0,"{'active_mode': 'BALANCED', 'semantic_status': 'THERMAL SATURATION APPROACHING', 'telemetry_hz': 4, 'adaptive_ema_alpha': 0.1, 'smoothed_risk': 0.457, 'risk_velocity': 0.0093, 'thermal_acceleration': 0.4448, 'cooling_effectiveness_score': 1.0, 'saturation_eta_seconds': 58.2, 'prediction_stability': 0.25, 'thermal_soak_accumulation': 0.0, 'gpu_power_transient_score': -0.2, 'forecast_30s': 0.737, 'forecast_60s': 1.0, 'forecast_120s': 1.0, 'workload_fingerprint': 'CPU_COMPILE', 'thermal_phase': 'SUSTAINED_LOAD', 'thermal_headroom': 21.700000000000003, 'predictive_cooling_window': 'NONE', 'escalation_reason': 'THERMAL SATURATION APPROACHING', 'idle_clamp_active': False, 'transition_intelligence_score': 25.0, 'acoustic_optimization_active': False, 'hardware_controller': {'desired_mode': 'PERFORMANCE', 'actual_hardware_mode': 'BALANCED', 'last_transition_reason': 'HEALTH_FAILSAFE', 'transition_lock_timer': 0.0, 'transition_cooldown_timer': 2.3, 'adaptive_hold_duration': 20.0, 'hardware_sync_status': 'PENDING', 'rejected_transitions': 0, 'llt_response_status': 'OK'}}",6.275875806808472,"[{'time': '00:20:36', 'source': 'SYS', 'category': 'HEALTHY', 'message': 'THERVO Core Ready'}, {'time': '00:20:51', 'source': 'SENS', 'category': 'HEALTHY', 'message': 'WMI Telemetry Synced'}, {'time': '00:21:01', 'source': 'CORE_AI', 'category': 'ACTION', 'message': 'Initialized Quiet Mode'}]","{'status': 'FAILSAFE', 'inference_lag_sec': 0.09293437004089355, 'telemetry_lag_sec': 0.09293437004089355, 'memory_growth_bytes': 244768768, 'issues': ['Memory growth detected']}",2915.0,0.4607282858157158,2151.8207145392894,"{'cpu_util': 95.06, 'gpu_util': 4.0, 'mem_util': 77.3, 'cpu_temp': 73.3, 'gpu_temp': 58.0, 'disk_io': 0.0, 'network_io': 4063.82978727116, 'power_draw': 100.68, 'battery': 98.0}",BALANCED,1785696669.6571422
2154.041863000393,0.0,"{'active_mode': 'BALANCED', 'semantic_status': 'MODE: BALANCED', 'telemetry_hz': 4, 'adaptive_ema_alpha': 0.16, 'smoothed_risk': 0.457, 'risk_velocity': 0.0087, 'thermal_acceleration': -0.0061, 'cooling_effectiveness_score': 1.0, 'saturation_eta_seconds': 62.3, 'prediction_stability': 0.4, 'thermal_soak_accumulation': 0.0, 'gpu_power_transient_score': -0.2, 'forecast_30s': 0.719, 'forecast_60s': 0.98, 'forecast_120s': 1.0, 'workload_fingerprint': 'CPU_COMPILE', 'thermal_phase': 'SUSTAINED_LOAD', 'thermal_headroom': 21.400000000000006, 'predictive_cooling_window': 'NONE', 'escalation_reason': 'MODE: BALANCED', 'idle_clamp_active': False, 'transition_intelligence_score': 40.0, 'acoustic_optimization_active': False, 'hardware_controller': {'desired_mode': 'PERFORMANCE', 'actual_hardware_mode': 'BALANCED', 'last_transition_reason': 'HEALTH_FAILSAFE', 'transition_lock_timer': 0.0, 'transition_cooldown_timer': 2.2, 'adaptive_hold_duration': 20.0, 'hardware_sync_status': 'PENDING', 'rejected_transitions': 0, 'llt_response_status': 'OK'}}",6.377846717834473,"[{'time': '00:20:36', 'source': 'SYS', 'category': 'HEALTHY', 'message': 'THERVO Core Ready'}, {'time': '00:20:51', 'source': 'SENS', 'category': 'HEALTHY', 'message': 'WMI Telemetry Synced'}, {'time': '00:21:01', 'source': 'CORE_AI', 'category': 'ACTION', 'message': 'Initialized Quiet Mode'}]","{'status': 'FAILSAFE', 'inference_lag_sec': 0.09423542022705078, 'telemetry_lag_sec': 0.09423542022705078, 'memory_growth_bytes': 244793344, 'issues': ['Memory growth detected']}",2930.0,0.46161674520015716,2154.041863000393,"{'cpu_util': 95.06, 'gpu_util': 4.0, 'mem_util': 77.3, 'cpu_temp': 73.6, 'gpu_temp': 58.0, 'disk_io': 112733.94495373713, 'network_io': 504.5871559615513, 'power_draw': 100.68, 'battery': 98.0}",BALANCED,1785696669.759113
2157.6072452127933,0.0,"{'active_mode': 'BALANCED', 'semantic_status': 'THERMAL SATURATION APPROACHING', 'telemetry_hz': 4, 'adaptive_ema_alpha': 0.22, 'smoothed_risk': 0.459, 'risk_velocity': 0.0142, 'thermal_acceleration': 0.0551, 'cooling_effectiveness_score': 1.0, 'saturation_eta_seconds': 38.0, 'prediction_stability': 0.55, 'thermal_soak_accumulation': 0.0, 'gpu_power_transient_score': -0.2, 'forecast_30s': 0.886, 'forecast_60s': 1.0, 'forecast_120s': 1.0, 'workload_fingerprint': 'CPU_COMPILE', 'thermal_phase': 'SUSTAINED_LOAD', 'thermal_headroom': 21.0, 'predictive_cooling_window': 'NONE', 'escalation_reason': 'THERMAL SATURATION APPROACHING', 'idle_clamp_active': False, 'transition_intelligence_score': 55.00000000000001, 'acoustic_optimization_active': False, 'hardware_controller': {'desired_mode': 'PERFORMANCE', 'actual_hardware_mode': 'BALANCED', 'last_transition_reason': 'HEALTH_FAILSAFE', 'transition_lock_timer': 0.0, 'transition_cooldown_timer': 2.1, 'adaptive_hold_duration': 20.0, 'hardware_sync_status': 'PENDING', 'rejected_transitions': 0, 'llt_response_status': 'OK'}}",6.47804069519043,"[{'time': '00:20:36', 'source': 'SYS', 'category': 'HEALTHY', 'message': 'THERVO Core Ready'}, {'time': '00:20:51', 'source': 'SENS', 'category': 'HEALTHY', 'message': 'WMI Telemetry Synced'}, {'time': '00:21:01', 'source': 'CORE_AI', 'category': 'ACTION', 'message': 'Initialized Quiet Mode'}]","{'status': 'FAILSAFE', 'inference_lag_sec': 0.09292006492614746, 'telemetry_lag_sec': 0.09292006492614746, 'memory_growth_bytes': 244793344, 'issues': ['Memory growth detected']}",2950.0,0.46304289808511734,2157.6072452127933,"{'cpu_util': 95.06, 'gpu_util': 4.0, 'mem_util': 77.3, 'cpu_temp': 74.0, 'gpu_temp': 58.0, 'disk_io': 0.0, 'network_io': 0.0, 'power_draw': 100.68, 'battery': 98.0}",BALANCED,1785696669.859307
2189.657128369808,0.0,"{'active_mode': 'BALANCED', 'semantic_status': 'RISK VELOCITY INCREASING', 'telemetry_hz': 4, 'adaptive_ema_alpha': 0.22, 'smoothed_risk': 0.462, 'risk_velocity': 0.1258, 'thermal_acceleration': 1.0951, 'cooling_effectiveness_score': 1.0, 'saturation_eta_seconds': 4.3, 'prediction_stability': 0.55, 'thermal_soak_accumulation': 0.0, 'gpu_power_transient_score': -0.2, 'forecast_30s': 1.0, 'forecast_60s': 1.0, 'forecast_120s': 1.0, 'workload_fingerprint': 'CPU_COMPILE', 'thermal_phase': 'SUSTAINED_LOAD', 'thermal_headroom': 20.700000000000003, 'predictive_cooling_window': 'NONE', 'escalation_reason': 'RISK VELOCITY INCREASING', 'idle_clamp_active': False, 'transition_intelligence_score': 55.00000000000001, 'acoustic_optimization_active': False, 'hardware_controller': {'desired_mode': 'PERFORMANCE', 'actual_hardware_mode': 'BALANCED', 'last_transition_reason': 'HEALTH_FAILSAFE', 'transition_lock_timer': 0.0, 'transition_cooldown_timer': 2.0, 'adaptive_hold_duration': 20.0, 'hardware_sync_status': 'PENDING', 'rejected_transitions': 0, 'llt_response_status': 'OK'}}",6.579933166503906,"[{'time': '00:20:36', 'source': 'SYS', 'category': 'HEALTHY', 'message': 'THERVO Core Ready'}, {'time': '00:20:51', 'source': 'SENS', 'category': 'HEALTHY', 'message': 'WMI Telemetry Synced'}, {'time': '00:21:01', 'source': 'CORE_AI', 'category': 'ACTION', 'message': 'Initialized Quiet Mode'}]","{'status': 'FAILSAFE', 'inference_lag_sec': 0.09419822692871094, 'telemetry_lag_sec': 0.09419822692871094, 'memory_growth_bytes': 244797440, 'issues': ['Memory growth detected']}",2965.0,0.4758628513479233,2189.657128369808,"{'cpu_util': 95.06, 'gpu_util': 4.0, 'mem_util': 77.3, 'cpu_temp': 74.3, 'gpu_temp': 58.0, 'disk_io': 5287563.636335657, 'network_io': 9572.727272676617, 'power_draw': 100.68, 'battery': 98.0}",BALANCED,1785696669.9611995
2157.6072452127933,0.0,"{'active_mode': 'BALANCED', 'semantic_status': 'MODE: BALANCED', 'telemetry_hz': 4, 'adaptive_ema_alpha': 0.22, 'smoothed_risk': 0.463, 'risk_velocity': -0.1293, 'thermal_acceleration': -2.5722, 'cooling_effectiveness_score': 1.0, 'saturation_eta_seconds': -1.0, 'prediction_stability': 0.55, 'thermal_soak_accumulation': 0.0, 'gpu_power_transient_score': 0.0, 'forecast_30s': 0.0, 'forecast_60s': 0.0, 'forecast_120s': 0.0, 'workload_fingerprint': 'CPU_COMPILE', 'thermal_phase': 'SUSTAINED_LOAD', 'thermal_headroom': 20.400000000000006, 'predictive_cooling_window': 'NONE', 'escalation_reason': 'MODE: BALANCED', 'idle_clamp_active': False, 'transition_intelligence_score': 55.00000000000001, 'acoustic_optimization_active': False, 'hardware_controller': {'desired_mode': 'PERFORMANCE', 'actual_hardware_mode': 'BALANCED', 'last_transition_reason': 'HEALTH_FAILSAFE', 'transition_lock_timer': 0.0, 'transition_cooldown_timer': 1.9, 'adaptive_hold_duration': 20.0, 'hardware_sync_status': 'PENDING', 'rejected_transitions': 0, 'llt_response_status': 'OK'}}",6.67910361289978,"[{'time': '00:20:36', 'source': 'SYS', 'category': 'HEALTHY', 'message': 'THERVO Core Ready'}, {'time': '00:20:51', 'source': 'SENS', 'category': 'HEALTHY', 'message': 'WMI Telemetry Synced'}, {'time': '00:21:01', 'source': 'CORE_AI', 'category': 'ACTION', 'message': 'Initialized Quiet Mode'}]","{'status': 'FAILSAFE', 'inference_lag_sec': 0.09249091148376465, 'telemetry_lag_sec': 0.09249091148376465, 'memory_growth_bytes': 244801536, 'issues': ['Memory growth detected']}",2980.0,0.46304289808511734,2157.6072452127933,"{'cpu_util': 95.06, 'gpu_util': 4.0, 'mem_util': 77.3, 'cpu_temp': 74.6, 'gpu_temp': 58.0, 'disk_io': 0.0, 'network_io': 0.0, 'power_draw': 100.68, 'battery': 98.0}",BALANCED,1785696670.06037
2146.8448256611823,0.0,"{'active_mode': 'BALANCED', 'semantic_status': 'MODE: BALANCED', 'telemetry_hz': 4, 'adaptive_ema_alpha': 0.22, 'smoothed_risk': 0.462, 'risk_velocity': -0.0281, 'thermal_acceleration': 0.661, 'cooling_effectiveness_score': 1.0, 'saturation_eta_seconds': -1.0, 'prediction_stability': 0.55, 'thermal_soak_accumulation': 0.0, 'gpu_power_transient_score': 0.1, 'forecast_30s': 0.0, 'forecast_60s': 0.0, 'forecast_120s': 0.0, 'workload_fingerprint': 'CPU_COMPILE', 'thermal_phase': 'SUSTAINED_LOAD', 'thermal_headroom': 20.099999999999994, 'predictive_cooling_window': 'NONE', 'escalation_reason': 'MODE: BALANCED', 'idle_clamp_active': False, 'transition_intelligence_score': 55.00000000000001, 'acoustic_optimization_active': False, 'hardware_controller': {'desired_mode': 'PERFORMANCE', 'actual_hardware_mode': 'BALANCED', 'last_transition_reason': 'HEALTH_FAILSAFE', 'transition_lock_timer': 0.0, 'transition_cooldown_timer': 1.7, 'adaptive_hold_duration': 20.0, 'hardware_sync_status': 'PENDING', 'rejected_transitions': 0, 'llt_response_status': 'OK'}}",6.832111835479736,"[{'time': '00:20:36', 'source': 'SYS', 'category': 'HEALTHY', 'message': 'THERVO Core Ready'}, {'time': '00:20:51', 'source': 'SENS', 'category': 'HEALTHY', 'message': 'WMI Telemetry Synced'}, {'time': '00:21:01', 'source': 'CORE_AI', 'category': 'ACTION', 'message': 'Initialized Quiet Mode'}]","{'status': 'FAILSAFE', 'inference_lag_sec': 0.09429931640625, 'telemetry_lag_sec': 0.09429931640625, 'memory_growth_bytes': 244809728, 'issues': ['Memory growth detected']}",2995.0000000000005,0.45873793026447296,2146.8448256611823,"{'cpu_util': 95.06, 'gpu_util': 4.0, 'mem_util': 77.3, 'cpu_temp': 74.9, 'gpu_temp': 59.0, 'disk_io': 104356.68789859215, 'network_io': 4738.853503207553, 'power_draw': 100.78, 'battery': 98.0}",BALANCED,1785696670.2133782
2157.6072452127933,0.0,"{'active_mode': 'BALANCED', 'semantic_status': 'THERMAL SATURATION APPROACHING', 'telemetry_hz': 4, 'adaptive_ema_alpha': 0.22, 'smoothed_risk': 0.462, 'risk_velocity': 0.0878, 'thermal_acceleration': 2.3628, 'cooling_effectiveness_score': 1.0, 'saturation_eta_seconds': 6.1, 'prediction_stability': 0.55, 'thermal_soak_accumulation': 0.0, 'gpu_power_transient_score': 0.1, 'forecast_30s': 1.0, 'forecast_60s': 1.0, 'forecast_120s': 1.0, 'workload_fingerprint': 'CPU_COMPILE', 'thermal_phase': 'SUSTAINED_LOAD', 'thermal_headroom': 19.900000000000006, 'predictive_cooling_window': 'NONE', 'escalation_reason': 'THERMAL SATURATION APPROACHING', 'idle_clamp_active': False, 'transition_intelligence_score': 55.00000000000001, 'acoustic_optimization_active': False, 'hardware_controller': {'desired_mode': 'PERFORMANCE', 'actual_hardware_mode': 'BALANCED', 'last_transition_reason': 'HEALTH_FAILSAFE', 'transition_lock_timer': 0.0, 'transition_cooldown_timer': 1.7, 'adaptive_hold_duration': 20.0, 'hardware_sync_status': 'PENDING', 'rejected_transitions': 0, 'llt_response_status': 'OK'}}",6.8811633586883545,"[{'time': '00:20:36', 'source': 'SYS', 'category': 'HEALTHY', 'message': 'THERVO Core Ready'}, {'time': '00:20:51', 'source': 'SENS', 'category': 'HEALTHY', 'message': 'WMI Telemetry Synced'}, {'time': '00:21:01', 'source': 'CORE_AI', 'category': 'ACTION', 'message': 'Initialized Quiet Mode'}]","{'status': 'FAILSAFE', 'inference_lag_sec': 0.04191136360168457, 'telemetry_lag_sec': 0.04191136360168457, 'memory_growth_bytes': 244826112, 'issues': ['Memory growth detected']}",3005.0,0.46304289808511734,2157.6072452127933,"{'cpu_util': 95.06, 'gpu_util': 4.0, 'mem_util': 77.2, 'cpu_temp': 75.1, 'gpu_temp': 59.0, 'disk_io': 0.0, 'network_io': 0.0, 'power_draw': 100.78, 'battery': 98.0}",BALANCED,1785696670.2624297
2158.277071034908,0.0,"{'active_mode': 'BALANCED', 'semantic_status': 'MODE: BALANCED', 'telemetry_hz': 4, 'adaptive_ema_alpha': 0.22, 'smoothed_risk': 0.462, 'risk_velocity': 0.0027, 'thermal_acceleration': -0.8605, 'cooling_effectiveness_score': 1.0, 'saturation_eta_seconds': 198.4, 'prediction_stability': 0.55, 'thermal_soak_accumulation': 0.0, 'gpu_power_transient_score': 0.1, 'forecast_30s': 0.544, 'forecast_60s': 0.625, 'forecast_120s': 0.788, 'workload_fingerprint': 'CPU_COMPILE', 'thermal_phase': 'SUSTAINED_LOAD', 'thermal_headroom': 19.700000000000003, 'predictive_cooling_window': 'NONE', 'escalation_reason': 'MODE: BALANCED', 'idle_clamp_active': False, 'transition_intelligence_score': 55.00000000000001, 'acoustic_optimization_active': False, 'hardware_controller': {'desired_mode': 'PERFORMANCE', 'actual_hardware_mode': 'BALANCED', 'last_transition_reason': 'HEALTH_FAILSAFE', 'transition_lock_timer': 0.0, 'transition_cooldown_timer': 1.6, 'adaptive_hold_duration': 20.0, 'hardware_sync_status': 'PENDING', 'rejected_transitions': 0, 'llt_response_status': 'OK'}}",6.980006217956543,"[{'time': '00:20:36', 'source': 'SYS', 'category': 'HEALTHY', 'message': 'THERVO Core Ready'}, {'time': '00:20:51', 'source': 'SENS', 'category': 'HEALTHY', 'message': 'WMI Telemetry Synced'}, {'time': '00:21:01', 'source': 'CORE_AI', 'category': 'ACTION', 'message': 'Initialized Quiet Mode'}]","{'status': 'FAILSAFE', 'inference_lag_sec': 0.09413695335388184, 'telemetry_lag_sec': 0.09413695335388184, 'memory_growth_bytes': 244826112, 'issues': ['Memory growth detected']}",3015.0,0.4633108284139633,2158.277071034908,"{'cpu_util': 95.06, 'gpu_util': 4.0, 'mem_util': 77.3, 'cpu_temp': 75.3, 'gpu_temp': 59.0, 'disk_io': 0.0, 'network_io': 585.1063829840675, 'power_draw': 100.78, 'battery': 98.0}",BALANCED,1785696670.3612726
2148.5969228208064,0.0,"{'active_mode': 'BALANCED', 'semantic_status': 'MODE: BALANCED', 'telemetry_hz': 4, 'adaptive_ema_alpha': 0.22, 'smoothed_risk': 0.462, 'risk_velocity': -0.0372, 'thermal_acceleration': -0.3838, 'cooling_effectiveness_score': 1.0, 'saturation_eta_seconds': -1.0, 'prediction_stability': 0.55, 'thermal_soak_accumulation': 0.0, 'gpu_power_transient_score': 0.1, 'forecast_30s': 0.0, 'forecast_60s': 0.0, 'forecast_120s': 0.0, 'workload_fingerprint': 'CPU_COMPILE', 'thermal_phase': 'SUSTAINED_LOAD', 'thermal_headroom': 19.5, 'predictive_cooling_window': 'NONE', 'escalation_reason': 'MODE: BALANCED', 'idle_clamp_active': False, 'transition_intelligence_score': 55.00000000000001, 'acoustic_optimization_active': False, 'hardware_controller': {'desired_mode': 'PERFORMANCE', 'actual_hardware_mode': 'BALANCED', 'last_transition_reason': 'HEALTH_FAILSAFE', 'transition_lock_timer': 0.0, 'transition_cooldown_timer': 1.5, 'adaptive_hold_duration': 20.0, 'hardware_sync_status': 'PENDING', 'rejected_transitions': 0, 'llt_response_status': 'OK'}}",7.084048271179199,"[{'time': '00:20:36', 'source': 'SYS', 'category': 'HEALTHY', 'message': 'THERVO Core Ready'}, {'time': '00:20:51', 'source': 'SENS', 'category': 'HEALTHY', 'message': 'WMI Telemetry Synced'}, {'time': '00:21:01', 'source': 'CORE_AI', 'category': 'ACTION', 'message': 'Initialized Quiet Mode'}]","{'status': 'FAILSAFE', 'inference_lag_sec': 0.09627079963684082, 'telemetry_lag_sec': 0.09627079963684082, 'memory_growth_bytes': 244826112, 'issues': ['Memory growth detected']}",3025.0,0.4594387691283226,2148.5969228208064,"{'cpu_util': 95.06, 'gpu_util': 4.0, 'mem_util': 77.3, 'cpu_temp': 75.5, 'gpu_temp': 59.0, 'disk_io': 0.0, 'network_io': 1699.9999999910042, 'power_draw': 100.78, 'battery': 98.0}",BALANCED,1785696670.4653146
2139.250989025831,0.0,"{'active_mode': 'BALANCED', 'semantic_status': 'MODE: BALANCED', 'telemetry_hz': 4, 'adaptive_ema_alpha': 0.22, 'smoothed_risk': 0.46, 'risk_velocity': -0.038, 'thermal_acceleration': -0.0075, 'cooling_effectiveness_score': 1.0, 'saturation_eta_seconds': -1.0, 'prediction_stability': 0.55, 'thermal_soak_accumulation': 0.0, 'gpu_power_transient_score': 0.0, 'forecast_30s': 0.0, 'forecast_60s': 0.0, 'forecast_120s': 0.0, 'workload_fingerprint': 'CPU_COMPILE', 'thermal_phase': 'SUSTAINED_LOAD', 'thermal_headroom': 19.299999999999997, 'predictive_cooling_window': 'NONE', 'escalation_reason': 'MODE: BALANCED', 'idle_clamp_active': False, 'transition_intelligence_score': 55.00000000000001, 'acoustic_optimization_active': False, 'hardware_controller': {'desired_mode': 'PERFORMANCE', 'actual_hardware_mode': 'BALANCED', 'last_transition_reason': 'HEALTH_FAILSAFE', 'transition_lock_timer': 0.0, 'transition_cooldown_timer': 1.4, 'adaptive_hold_duration': 20.0, 'hardware_sync_status': 'PENDING', 'rejected_transitions': 0, 'llt_response_status': 'OK'}}",7.18255352973938,"[{'time': '00:20:36', 'source': 'SYS', 'category': 'HEALTHY', 'message': 'THERVO Core Ready'}, {'time': '00:20:51', 'source': 'SENS', 'category': 'HEALTHY', 'message': 'WMI Telemetry Synced'}, {'time': '00:21:01', 'source': 'CORE_AI', 'category': 'ACTION', 'message': 'Initialized Quiet Mode'}]","{'status': 'FAILSAFE', 'inference_lag_sec': 0.09296369552612305, 'telemetry_lag_sec': 0.09296369552612305, 'memory_growth_bytes': 244850688, 'issues': ['Memory growth detected']}",3035.0,0.4557003956103325,2139.250989025831,"{'cpu_util': 95.06, 'gpu_util': 4.0, 'mem_util': 77.3, 'cpu_temp': 75.7, 'gpu_temp': 59.0, 'disk_io': 0.0, 'network_io': 87118.27956918364, 'power_draw': 100.78, 'battery': 98.0}",BALANCED,1785696670.56382
2149.59036642313,0.0,"{'active_mode': 'BALANCED', 'semantic_status': 'THERMAL SATURATION APPROACHING', 'telemetry_hz': 4, 'adaptive_ema_alpha': 0.16, 'smoothed_risk': 0.46, 'risk_velocity': 0.0396, 'thermal_acceleration': 0.7424, 'cooling_effectiveness_score': 1.0, 'saturation_eta_seconds': 13.6, 'prediction_stability': 0.4, 'thermal_soak_accumulation': 0.0, 'gpu_power_transient_score': -0.35, 'forecast_30s': 1.0, 'forecast_60s': 1.0, 'forecast_120s': 1.0, 'workload_fingerprint': 'CPU_COMPILE', 'thermal_phase': 'SUSTAINED_LOAD', 'thermal_headroom': 19.099999999999994, 'predictive_cooling_window': 'NONE', 'escalation_reason': 'THERMAL SATURATION APPROACHING', 'idle_clamp_active': False, 'transition_intelligence_score': 40.0, 'acoustic_optimization_active': False, 'hardware_controller': {'desired_mode': 'PERFORMANCE', 'actual_hardware_mode': 'BALANCED', 'last_transition_reason': 'HEALTH_FAILSAFE', 'transition_lock_timer': 0.0, 'transition_cooldown_timer': 1.3, 'adaptive_hold_duration': 20.0, 'hardware_sync_status': 'PENDING', 'rejected_transitions': 0, 'llt_response_status': 'OK'}}",7.287007570266724,"[{'time': '00:20:36', 'source': 'SYS', 'category': 'HEALTHY', 'message': 'THERVO Core Ready'}, {'time': '00:20:51', 'source': 'SENS', 'category': 'HEALTHY', 'message': 'WMI Telemetry Synced'}, {'time': '00:21:01', 'source': 'CORE_AI', 'category': 'ACTION', 'message': 'Initialized Quiet Mode'}]","{'status': 'FAILSAFE', 'inference_lag_sec': 0.09588766098022461, 'telemetry_lag_sec': 0.09588766098022461, 'memory_growth_bytes': 244854784, 'issues': ['Memory growth detected']}",3045.0,0.459836146569252,2149.59036642313,"{'cpu_util': 94.65, 'gpu_util': 4.0, 'mem_util': 77.3, 'cpu_temp': 75.9, 'gpu_temp': 59.0, 'disk_io': 0.0, 'network_io': 3136.3636363989035, 'power_draw': 100.43, 'battery': 98.0}",BALANCED,1785696670.668274
2125.9936326146126,0.0,"{'active_mode': 'BALANCED', 'semantic_status': 'MODE: BALANCED', 'telemetry_hz': 4, 'adaptive_ema_alpha': 0.1, 'smoothed_risk': 0.459, 'risk_velocity': -0.0963, 'thermal_acceleration': -1.3865, 'cooling_effectiveness_score': 1.0, 'saturation_eta_seconds': -1.0, 'prediction_stability': 0.25, 'thermal_soak_accumulation': 0.0, 'gpu_power_transient_score': -0.35, 'forecast_30s': 0.0, 'forecast_60s': 0.0, 'forecast_120s': 0.0, 'workload_fingerprint': 'CPU_COMPILE', 'thermal_phase': 'SUSTAINED_LOAD', 'thermal_headroom': 19.0, 'predictive_cooling_window': 'NONE', 'escalation_reason': 'MODE: BALANCED', 'idle_clamp_active': False, 'transition_intelligence_score': 25.0, 'acoustic_optimization_active': False, 'hardware_controller': {'desired_mode': 'PERFORMANCE', 'actual_hardware_mode': 'BALANCED', 'last_transition_reason': 'HEALTH_FAILSAFE', 'transition_lock_timer': 0.0, 'transition_cooldown_timer': 1.2, 'adaptive_hold_duration': 20.0, 'hardware_sync_status': 'PENDING', 'rejected_transitions': 0, 'llt_response_status': 'OK'}}",7.385021924972534,"[{'time': '00:20:36', 'source': 'SYS', 'category': 'HEALTHY', 'message': 'THERVO Core Ready'}, {'time': '00:20:51', 'source': 'SENS', 'category': 'HEALTHY', 'message': 'WMI Telemetry Synced'}, {'time': '00:21:01', 'source': 'CORE_AI', 'category': 'ACTION', 'message': 'Initialized Quiet Mode'}]","{'status': 'FAILSAFE', 'inference_lag_sec': 0.09207749366760254, 'telemetry_lag_sec': 0.09207749366760254, 'memory_growth_bytes': 244867072, 'issues': ['Memory growth detected']}",3050.0,0.450397453045845,2125.9936326146126,"{'cpu_util': 94.65, 'gpu_util': 4.0, 'mem_util': 77.3, 'cpu_temp': 76.0, 'gpu_temp': 59.0, 'disk_io': 528516.1290279578, 'network_io': 40451.61290289667, 'power_draw': 100.43, 'battery': 98.0}",BALANCED,1785696670.7662883
2131.461650967598,0.0,"{'active_mode': 'BALANCED', 'semantic_status': 'THERMAL SATURATION APPROACHING', 'telemetry_hz': 4, 'adaptive_ema_alpha': 0.1, 'smoothed_risk': 0.459, 'risk_velocity': 0.0216, 'thermal_acceleration': 1.1619, 'cooling_effectiveness_score': 1.0, 'saturation_eta_seconds': 25.1, 'prediction_stability': 0.25, 'thermal_soak_accumulation': 0.0, 'gpu_power_transient_score': -0.35, 'forecast_30s': 1.0, 'forecast_60s': 1.0, 'forecast_120s': 1.0, 'workload_fingerprint': 'CPU_COMPILE', 'thermal_phase': 'SUSTAINED_LOAD', 'thermal_headroom': 18.799999999999997, 'predictive_cooling_window': 'NONE', 'escalation_reason': 'THERMAL SATURATION APPROACHING', 'idle_clamp_active': False, 'transition_intelligence_score': 25.0, 'acoustic_optimization_active': False, 'hardware_controller': {'desired_mode': 'PERFORMANCE', 'actual_hardware_mode': 'BALANCED', 'last_transition_reason': 'HEALTH_FAILSAFE', 'transition_lock_timer': 0.0, 'transition_cooldown_timer': 1.1, 'adaptive_hold_duration': 20.0, 'hardware_sync_status': 'PENDING', 'rejected_transitions': 0, 'llt_response_status': 'OK'}}",7.4864583015441895,"[{'time': '00:20:36', 'source': 'SYS', 'category': 'HEALTHY', 'message': 'THERVO Core Ready'}, {'time': '00:20:51', 'source': 'SENS', 'category': 'HEALTHY', 'message': 'WMI Telemetry Synced'}, {'time': '00:21:01', 'source': 'CORE_AI', 'category': 'ACTION', 'message': 'Initialized Quiet Mode'}]","{'status': 'FAILSAFE', 'inference_lag_sec': 0.09439253807067871, 'telemetry_lag_sec': 0.09439253807067871, 'memory_growth_bytes': 244867072, 'issues': ['Memory growth detected']}",3060.0,0.45258466038703915,2131.461650967598,"{'cpu_util': 94.65, 'gpu_util': 4.0, 'mem_util': 77.3, 'cpu_temp': 76.2, 'gpu_temp': 59.0, 'disk_io': 707490.9090871654, 'network_io': 2699.9999999857127, 'power_draw': 100.43, 'battery': 98.0}",BALANCED,1785696670.8677247
2147.0594228208065,0.0,"{'active_mode': 'BALANCED', 'semantic_status': 'THERMAL SATURATION APPROACHING', 'telemetry_hz': 4, 'adaptive_ema_alpha': 0.1, 'smoothed_risk': 0.459, 'risk_velocity': 0.0621, 'thermal_acceleration': 0.403, 'cooling_effectiveness_score': 1.0, 'saturation_eta_seconds': 8.7, 'prediction_stability': 0.25, 'thermal_soak_accumulation': 0.0, 'gpu_power_transient_score': -0.35, 'forecast_30s': 1.0, 'forecast_60s': 1.0, 'forecast_120s': 1.0, 'workload_fingerprint': 'CPU_COMPILE', 'thermal_phase': 'SUSTAINED_LOAD', 'thermal_headroom': 18.700000000000003, 'predictive_cooling_window': 'NONE', 'escalation_reason': 'THERMAL SATURATION APPROACHING', 'idle_clamp_active': False, 'transition_intelligence_score': 25.0, 'acoustic_optimization_active': False, 'hardware_controller': {'desired_mode': 'PERFORMANCE', 'actual_hardware_mode': 'BALANCED', 'last_transition_reason': 'HEALTH_FAILSAFE', 'transition_lock_timer': 0.0, 'transition_cooldown_timer': 1.0, 'adaptive_hold_duration': 20.0, 'hardware_sync_status': 'PENDING', 'rejected_transitions': 0, 'llt_response_status': 'OK'}}",7.586977243423462,"[{'time': '00:20:36', 'source': 'SYS', 'category': 'HEALTHY', 'message': 'THERVO Core Ready'}, {'time': '00:20:51', 'source': 'SENS', 'category': 'HEALTHY', 'message': 'WMI Telemetry Synced'}, {'time': '00:21:01', 'source': 'CORE_AI', 'category': 'ACTION', 'message': 'Initialized Quiet Mode'}]","{'status': 'FAILSAFE', 'inference_lag_sec': 0.09336733818054199, 'telemetry_lag_sec': 0.09336733818054199, 'memory_growth_bytes': 244867072, 'issues': ['Memory growth detected']}",3065.0,0.45882376912832257,2147.0594228208065,"{'cpu_util': 94.65, 'gpu_util': 4.0, 'mem_util': 77.3, 'cpu_temp': 76.3, 'gpu_temp': 59.0, 'disk_io': 0.0, 'network_io': 1170.212765968135, 'power_draw': 100.43, 'battery': 98.0}",BALANCED,1785696670.9682436
2123.218272715807,0.0,"{'active_mode': 'BALANCED', 'semantic_status': 'MODE: BALANCED', 'telemetry_hz': 4, 'adaptive_ema_alpha': 0.1, 'smoothed_risk': 0.458, 'risk_velocity': -0.097, 'thermal_acceleration': -1.6184, 'cooling_effectiveness_score': 1.0, 'saturation_eta_seconds': -1.0, 'prediction_stability': 0.25, 'thermal_soak_accumulation': 0.0, 'gpu_power_transient_score': 0.0, 'forecast_30s': 0.0, 'forecast_60s': 0.0, 'forecast_120s': 0.0, 'workload_fingerprint': 'CPU_COMPILE', 'thermal_phase': 'SUSTAINED_LOAD', 'thermal_headroom': 18.599999999999994, 'predictive_cooling_window': 'NONE', 'escalation_reason': 'MODE: BALANCED', 'idle_clamp_active': False, 'transition_intelligence_score': 25.0, 'acoustic_optimization_active': False, 'hardware_controller': {'desired_mode': 'PERFORMANCE', 'actual_hardware_mode': 'BALANCED', 'last_transition_reason': 'HEALTH_FAILSAFE', 'transition_lock_timer': 0.0, 'transition_cooldown_timer': 0.9, 'adaptive_hold_duration': 20.0, 'hardware_sync_status': 'PENDING', 'rejected_transitions': 0, 'llt_response_status': 'OK'}}",7.685273170471191,"[{'time': '00:20:36', 'source': 'SYS', 'category': 'HEALTHY', 'message': 'THERVO Core Ready'}, {'time': '00:20:51', 'source': 'SENS', 'category': 'HEALTHY', 'message': 'WMI Telemetry Synced'}, {'time': '00:21:01', 'source': 'CORE_AI', 'category': 'ACTION', 'message': 'Initialized Quiet Mode'}]","{'status': 'FAILSAFE', 'inference_lag_sec': 0.09323287010192871, 'telemetry_lag_sec': 0.09323287010192871, 'memory_growth_bytes': 244867072, 'issues': ['Memory growth detected']}",3070.0,0.44928730908632275,2123.218272715807,"{'cpu_util': 94.65, 'gpu_util': 4.0, 'mem_util': 77.3, 'cpu_temp': 76.4, 'gpu_temp': 59.0, 'disk_io': 601247.7064199314, 'network_io': 2155.96330274481, 'power_draw': 100.43, 'battery': 98.0}",BALANCED,1785696671.0665395
2147.0594228208065,0.0,"{'active_mode': 'BALANCED', 'semantic_status': 'THERMAL SATURATION APPROACHING', 'telemetry_hz': 4, 'adaptive_ema_alpha': 0.04, 'smoothed_risk': 0.458, 'risk_velocity': 0.0925, 'thermal_acceleration': 1.8379, 'cooling_effectiveness_score': 1.0, 'saturation_eta_seconds': 5.9, 'prediction_stability': 0.1, 'thermal_soak_accumulation': 0.0, 'gpu_power_transient_score': 0.0, 'forecast_30s': 1.0, 'forecast_60s': 1.0, 'forecast_120s': 1.0, 'workload_fingerprint': 'CPU_COMPILE', 'thermal_phase': 'SUSTAINED_LOAD', 'thermal_headroom': 18.5, 'predictive_cooling_window': 'NONE', 'escalation_reason': 'THERMAL SATURATION APPROACHING', 'idle_clamp_active': False, 'transition_intelligence_score': 10.000000000000009, 'acoustic_optimization_active': False, 'hardware_controller': {'desired_mode': 'PERFORMANCE', 'actual_hardware_mode': 'BALANCED', 'last_transition_reason': 'HEALTH_FAILSAFE', 'transition_lock_timer': 0.0, 'transition_cooldown_timer': 0.8, 'adaptive_hold_duration': 20.0, 'hardware_sync_status': 'PENDING', 'rejected_transitions': 0, 'llt_response_status': 'OK'}}",7.788382530212402,"[{'time': '00:20:36', 'source': 'SYS', 'category': 'HEALTHY', 'message': 'THERVO Core Ready'}, {'time': '00:20:51', 'source': 'SENS', 'category': 'HEALTHY', 'message': 'WMI Telemetry Synced'}, {'time': '00:21:01', 'source': 'CORE_AI', 'category': 'ACTION', 'message': 'Initialized Quiet Mode'}]","{'status': 'FAILSAFE', 'inference_lag_sec': 0.09605598449707031, 'telemetry_lag_sec': 0.09605598449707031, 'memory_growth_bytes': 244867072, 'issues': ['Memory growth detected']}",3075.0,0.45882376912832257,2147.0594228208065,"{'cpu_util': 94.65, 'gpu_util': 4.0, 'mem_util': 77.2, 'cpu_temp': 76.5, 'gpu_temp': 59.0, 'disk_io': 0.0, 'network_io': 1404.2553191617621, 'power_draw': 100.43, 'battery': 98.0}",BALANCED,1785696671.169649
2156.7395710349083,0.0,"{'active_mode': 'BALANCED', 'semantic_status': 'THERMAL SATURATION APPROACHING', 'telemetry_hz': 4, 'adaptive_ema_alpha': 0.1, 'smoothed_risk': 0.458, 'risk_velocity': 0.0264, 'thermal_acceleration': -0.4508, 'cooling_effectiveness_score': 1.0, 'saturation_eta_seconds': 20.5, 'prediction_stability': 0.25, 'thermal_soak_accumulation': 0.0, 'gpu_power_transient_score': 0.08, 'forecast_30s': 1.0, 'forecast_60s': 1.0, 'forecast_120s': 1.0, 'workload_fingerprint': 'CPU_COMPILE', 'thermal_phase': 'SUSTAINED_LOAD', 'thermal_headroom': 18.400000000000006, 'predictive_cooling_window': 'NONE', 'escalation_reason': 'THERMAL SATURATION APPROACHING', 'idle_clamp_active': False, 'transition_intelligence_score': 25.0, 'acoustic_optimization_active': False, 'hardware_controller': {'desired_mode': 'PERFORMANCE', 'actual_hardware_mode': 'BALANCED', 'last_transition_reason': 'HEALTH_FAILSAFE', 'transition_lock_timer': 0.0, 'transition_cooldown_timer': 0.6, 'adaptive_hold_duration': 20.0, 'hardware_sync_status': 'PENDING', 'rejected_transitions': 0, 'llt_response_status': 'OK'}}",7.934934377670288,"[{'time': '00:20:36', 'source': 'SYS', 'category': 'HEALTHY', 'message': 'THERVO Core Ready'}, {'time': '00:20:51', 'source': 'SENS', 'category': 'HEALTHY', 'message': 'WMI Telemetry Synced'}, {'time': '00:21:01', 'source': 'CORE_AI', 'category': 'ACTION', 'message': 'Initialized Quiet Mode'}]","{'status': 'FAILSAFE', 'inference_lag_sec': 0.09366631507873535, 'telemetry_lag_sec': 0.09366631507873535, 'memory_growth_bytes': 244867072, 'issues': ['Memory growth detected']}",3079.9999999999995,0.4626958284139633,2156.7395710349083,"{'cpu_util': 94.65, 'gpu_util': 4.0, 'mem_util': 77.3, 'cpu_temp': 76.6, 'gpu_temp': 59.0, 'disk_io': 0.0, 'network_io': 423.0769230745946, 'power_draw': 100.51, 'battery': 98.0}",BALANCED,1785696671.3162007
2149.5970719456673,0.0,"{'active_mode': 'BALANCED', 'semantic_status': 'MODE: BALANCED', 'telemetry_hz': 4, 'adaptive_ema_alpha': 0.04, 'smoothed_risk': 0.458, 'risk_velocity': -0.0521, 'thermal_acceleration': -1.4321, 'cooling_effectiveness_score': 1.0, 'saturation_eta_seconds': -1.0, 'prediction_stability': 0.1, 'thermal_soak_accumulation': 0.0, 'gpu_power_transient_score': 0.08, 'forecast_30s': 0.0, 'forecast_60s': 0.0, 'forecast_120s': 0.0, 'workload_fingerprint': 'CPU_COMPILE', 'thermal_phase': 'SUSTAINED_LOAD', 'thermal_headroom': 18.299999999999997, 'predictive_cooling_window': 'NONE', 'escalation_reason': 'MODE: BALANCED', 'idle_clamp_active': False, 'transition_intelligence_score': 10.000000000000009, 'acoustic_optimization_active': False, 'hardware_controller': {'desired_mode': 'PERFORMANCE', 'actual_hardware_mode': 'BALANCED', 'last_transition_reason': 'HEALTH_FAILSAFE', 'transition_lock_timer': 0.0, 'transition_cooldown_timer': 0.6, 'adaptive_hold_duration': 20.0, 'hardware_sync_status': 'PENDING', 'rejected_transitions': 0, 'llt_response_status': 'OK'}}",7.990767002105713,"[{'time': '00:20:36', 'source': 'SYS', 'category': 'HEALTHY', 'message': 'THERVO Core Ready'}, {'time': '00:20:51', 'source': 'SENS', 'category': 'HEALTHY', 'message': 'WMI Telemetry Synced'}, {'time': '00:21:01', 'source': 'CORE_AI', 'category': 'ACTION', 'message': 'Initialized Quiet Mode'}]","{'status': 'FAILSAFE', 'inference_lag_sec': 0.04862332344055176, 'telemetry_lag_sec': 0.04862332344055176, 'memory_growth_bytes': 244871168, 'issues': ['Memory growth detected']}",3085.0,0.4598388287782669,2149.5970719456673,"{'cpu_util': 94.65, 'gpu_util': 4.0, 'mem_util': 77.3, 'cpu_temp': 76.7, 'gpu_temp': 59.0, 'disk_io': 0.0, 'network_io': 4765.957446759815, 'power_draw': 100.51, 'battery': 98.0}",BALANCED,1785696671.3720334
2156.0697452127934,0.0,"{'active_mode': 'BALANCED', 'semantic_status': 'THERMAL SATURATION APPROACHING', 'telemetry_hz': 4, 'adaptive_ema_alpha': 0.04, 'smoothed_risk': 0.458, 'risk_velocity': 0.0262, 'thermal_acceleration': 0.7923, 'cooling_effectiveness_score': 1.0, 'saturation_eta_seconds': 20.7, 'prediction_stability': 0.1, 'thermal_soak_accumulation': 0.0, 'gpu_power_transient_score': 0.08, 'forecast_30s': 1.0, 'forecast_60s': 1.0, 'forecast_120s': 1.0, 'workload_fingerprint': 'CPU_COMPILE', 'thermal_phase': 'SUSTAINED_LOAD', 'thermal_headroom': 18.200000000000003, 'predictive_cooling_window': 'NONE', 'escalation_reason': 'THERMAL SATURATION APPROACHING', 'idle_clamp_active': False, 'transition_intelligence_score': 10.000000000000009, 'acoustic_optimization_active': False, 'hardware_controller': {'desired_mode': 'PERFORMANCE', 'actual_hardware_mode': 'BALANCED', 'last_transition_reason': 'HEALTH_FAILSAFE', 'transition_lock_timer': 0.0, 'transition_cooldown_timer': 0.5, 'adaptive_hold_duration': 20.0, 'hardware_sync_status': 'PENDING', 'rejected_transitions': 0, 'llt_response_status': 'OK'}}",8.08859395980835,"[{'time': '00:20:36', 'source': 'SYS', 'category': 'HEALTHY', 'message': 'THERVO Core Ready'}, {'time': '00:20:51', 'source': 'SENS', 'category': 'HEALTHY', 'message': 'WMI Telemetry Synced'}, {'time': '00:21:01', 'source': 'CORE_AI', 'category': 'ACTION', 'message': 'Initialized Quiet Mode'}]","{'status': 'FAILSAFE', 'inference_lag_sec': 0.09280037879943848, 'telemetry_lag_sec': 0.09280037879943848, 'memory_growth_bytes': 244871168, 'issues': ['Memory growth detected']}",3090.0,0.4624278980851173,2156.0697452127934,"{'cpu_util': 94.65, 'gpu_util': 4.0, 'mem_util': 77.3, 'cpu_temp': 76.8, 'gpu_temp': 59.0, 'disk_io': 0.0, 'network_io': 0.0, 'power_draw': 100.51, 'battery': 98.0}",BALANCED,1785696671.4698603
2149.5970719456673,0.0,"{'active_mode': 'BALANCED', 'semantic_status': 'MODE: BALANCED', 'telemetry_hz': 4, 'adaptive_ema_alpha': 0.04, 'smoothed_risk': 0.459, 'risk_velocity': -0.0073, 'thermal_acceleration': -0.094, 'cooling_effectiveness_score': 1.0, 'saturation_eta_seconds': -1.0, 'prediction_stability': 0.1, 'thermal_soak_accumulation': 0.0, 'gpu_power_transient_score': 0.08, 'forecast_30s': 0.24, 'forecast_60s': 0.022, 'forecast_120s': 0.0, 'workload_fingerprint': 'CPU_COMPILE', 'thermal_phase': 'SUSTAINED_LOAD', 'thermal_headroom': 18.099999999999994, 'predictive_cooling_window': 'NONE', 'escalation_reason': 'MODE: BALANCED', 'idle_clamp_active': False, 'transition_intelligence_score': 10.000000000000009, 'acoustic_optimization_active': False, 'hardware_controller': {'desired_mode': 'PERFORMANCE', 'actual_hardware_mode': 'BALANCED', 'last_transition_reason': 'HEALTH_FAILSAFE', 'transition_lock_timer': 0.0, 'transition_cooldown_timer': 0.1, 'adaptive_hold_duration': 20.0, 'hardware_sync_status': 'PENDING', 'rejected_transitions': 0, 'llt_response_status': 'OK'}}",8.444606304168701,"[{'time': '00:20:36', 'source': 'SYS', 'category': 'HEALTHY', 'message': 'THERVO Core Ready'}, {'time': '00:20:51', 'source': 'SENS', 'category': 'HEALTHY', 'message': 'WMI Telemetry Synced'}, {'time': '00:21:01', 'source': 'CORE_AI', 'category': 'ACTION', 'message': 'Initialized Quiet Mode'}]","{'status': 'FAILSAFE', 'inference_lag_sec': 0.09463667869567871, 'telemetry_lag_sec': 0.09463667869567871, 'memory_growth_bytes': 244871168, 'issues': ['Memory growth detected']}",3095.0,0.4598388287782669,2149.5970719456673,"{'cpu_util': 94.65, 'gpu_util': 4.0, 'mem_util': 77.3, 'cpu_temp': 76.9, 'gpu_temp': 59.0, 'disk_io': 0.0, 'network_io': 3665.7381615560253, 'power_draw': 100.51, 'battery': 98.0}",BALANCED,1785696671.8258727
